fecha,transacciones
2025-10-06,1621421
2025-10-07,2157342
2025-10-08,2233772
2025-10-09,2343025
2025-10-10,2592403
2025-10-11,2542437
2025-10-12,1924026
2025-10-13,1857137
2025-10-14,2391773
2025-10-15,2282381
2025-10-16,3253791
2025-10-17,2647759
2025-10-18,2913716
2025-10-19,2226216
2025-10-20,1346447
2025-10-21,2781275
2025-10-22,2340215
2025-10-23,2569423
2025-10-24,2062530
2025-10-25,3004052
2025-10-26,2156835
2025-10-27,2663566
2025-10-28,2754538
2025-10-29,2863066
2025-10-30,3220746
2025-10-31,3631866
2025-11-01,3504515
2025-11-02,2651187
2025-11-03,2483320
2025-11-04,3211359
2025-11-05,3008476
2025-11-06,3054307
2025-11-07,3081667
2025-11-08,3084008
2025-11-09,2133865
2025-11-10,2752907
2025-11-11,2733639
2025-11-12,2705957
2025-11-13,2919420
2025-11-14,3058438
2025-11-15,3610466
2025-11-16,2679250
2025-11-17,2526647
2025-11-18,3191631
2025-11-19,2577541
2025-11-20,3258016
2025-11-21,2283278
2025-11-22,3227804
2025-11-23,2372829
2025-11-24,2422431
2025-11-25,3282043
2025-11-26,3100401
2025-11-27,3072607
2025-11-28,3892302
2025-11-29,3908822
2025-11-30,3296969
2025-12-01,3201826
2025-12-02,3686656
2025-12-03,3290271
2025-12-04,3492791
2025-12-05,3873243
2025-12-06,2173989
2025-12-07,3220743
2025-12-08,2385827
2025-12-09,3538116
2025-12-10,3569701
2025-12-11,3477412
2025-12-12,3702305
2025-12-13,3674385
2025-12-14,2849857
2025-12-15,3540632
2025-12-16,4372824
2025-12-17,3981750
2025-12-18,3926504
2025-12-19,4498194
2025-12-20,4558759
2025-12-21,3569231
2025-12-22,4432100
2025-12-23,4715077
2025-12-24,4869882
2025-12-25,2008608
2025-12-26,3700843
2025-12-27,3610919
2025-12-28,2896052
2025-12-29,3916656
2025-12-30,4844749
2025-12-31,4560945
2026-01-01,1846671
2026-01-02,3098234
2026-01-03,2951490
2026-01-04,2586841
2026-01-05,3401691
2026-01-06,3165951
2026-01-07,3180874
2026-01-08,3099845
2026-01-09,3272502
2026-01-10,3246774
2026-01-11,2399652
2026-01-12,2370651
2026-01-13,3068990
2026-01-14,3100224
2026-01-15,3983096
2026-01-16,4016197
2026-01-17,3918791
2026-01-18,2893876
2026-01-19,3284073
2026-01-20,3418551
2026-01-21,3426523
2026-01-22,3303307
2026-01-23,3775918
2026-01-24,3770325
2026-01-25,1697078
2026-01-26,3712749
2026-01-27,3455842
2026-01-28,3534240
2026-01-29,3727550
2026-01-30,4810527
2026-01-31,5278877
2026-02-01,3688917
2026-02-02,4350769
2026-02-03,3810964
2026-02-04,4020368
2026-02-05,3790124
2026-02-06,4117334
2026-02-07,4137690
2026-02-08,3212829
2026-02-09,3697445
2026-02-10,3725151
2026-02-11,3619051
2026-02-12,3623014
2026-02-13,4418564
2026-02-14,4724913
2026-02-15,3545419
2026-02-16,4142218
2026-02-17,3965279
2026-02-18,3860013
2026-02-19,3755051
2026-02-20,4276582
2026-02-21,3528917
2026-02-22,2200493
2026-02-23,2420225
2026-02-24,3429802
2026-02-25,4470469
2026-02-26,4024581
2026-02-27,5496009
2026-02-28,5717519
2026-03-01,4385894
2026-03-02,5127784
2026-03-03,4676279
2026-03-04,4440338
2026-03-05,4639196
2026-03-06,4669484
2026-03-07,4621862
2026-03-08,3355111
2026-03-09,3707245
2026-03-10,4067586
2026-03-11,4018947
2026-03-12,3930726
2026-03-13,4873936
2026-03-14,5081803
2026-03-15,3978141
2026-03-16,4687406
2026-03-17,4442699
2026-03-18,4184712
2026-03-19,4395045
2026-03-20,4656289
2026-03-21,4670224
2026-03-22,3442598
2026-03-23,3210924
2026-03-24,4109173
2026-03-25,4540554
2026-03-26,4866083
2026-03-27,5062038
2026-03-28,4980112
2026-03-29,3732227
2026-03-30,5053653
2026-03-31,5837451
2026-04-01,5896876
2026-04-02,4055668
2026-04-03,2822483
2026-04-04,4492210
2026-04-05,3808067
2026-04-06,4988284
2026-04-07,4425438
2026-04-08,4475232
2026-04-09,4279938
2026-04-10,4781406
2026-04-11,4863257
2026-04-12,3698787
2026-04-13,4147190
2026-04-14,4378814
2026-04-15,5571095
2026-04-16,5435587
2026-04-17,5170686
2026-04-18,5256109
2026-04-19,3913898
2026-04-20,4847511
2026-04-21,4634679
2026-04-22,4550530
2026-04-23,4496055
2026-04-24,4987365
2026-04-25,5578332
2026-04-26,4153725
2026-04-27,4805274
2026-04-28,4875896
2026-04-29,5314012
2026-04-30,7071507
2026-05-01,6220614
2026-05-02,6118349
2026-05-03,4772266
2026-05-04,5709584
2026-05-05,5914655
2026-05-06,5641861
2026-05-07,5054314
2026-05-08,5915493
2026-05-09,6255817
2026-05-10,5013059
2026-05-11,4517751
2026-05-12,5004060
2026-05-13,4934673
2026-05-14,5242247
2026-05-15,6964370
2026-05-16,6645724
2026-05-17,4769580
2026-05-18,4461809
2026-05-19,5503060
2026-05-20,5549750
2026-05-21,5202234
2026-05-22,5498936
2026-05-23,5653468
2026-05-24,2594365
2026-05-25,5451898
2026-05-26,5706896
2026-05-27,5547288
2026-05-28,5490231
2026-05-29,7137685
2026-05-30,7387393
2026-05-31,5147333
2026-06-01,6573807
2026-06-02,6280878
2026-06-03,5854313
2026-06-04,5784397
2026-06-05,6451746
2026-06-06,6290217
2026-06-07,4700914
2026-06-08,4381777
2026-06-09,5567908
2026-06-10,5736383
2026-06-11,5736765
2026-06-12,6835897
2026-06-13,7051234
2026-06-14,5328099
2026-06-15,4912028
2026-06-16,6504474
2026-06-17,6257006
2026-06-18,5779829
2026-06-19,6325223
2026-06-20,6441055
2026-06-21,4574146
2026-06-22,4347460
2026-06-23,5870766
2026-06-24,6007772
2026-06-25,6610686
2026-06-26,7204340
2026-06-27,7075096
2026-06-28,5119187
2026-06-29,4939771
2026-06-30,7496673
2026-07-01,7678424
2026-07-02,7035906
2026-07-03,7062789
2026-07-04,6665170
2026-07-05,5616032
2026-07-06,6360304
2026-07-07,5800013
2026-07-08,6215760
2026-07-09,5996404
2026-07-10,6506880
2026-07-11,6491688
2026-07-12,4945594
2026-07-13,4765080
2026-07-14,6045399
2026-07-15,7359125
2026-07-16,7176758
2026-07-17,7063868
2026-07-18,6994272
2026-07-19,5158417
2026-07-20,4875015
2026-07-21,6287512
2026-07-22,5963603
2026-07-23,5770128
2026-07-24,6384168
2026-07-25,6692486
2026-07-26,4994639
2026-07-27,6623280
2026-07-28,6542831
2026-07-29,6490532
2026-07-30,7488228
2026-07-31,8886477
2026-08-01,8746997
2026-08-02,6582418
2026-08-03,7231960
2026-08-04,6933887
2026-08-05,7216744
2026-08-06,7197854
2026-08-07,5879276
2026-08-08,6976575
2026-08-09,5532569
2026-08-10,5691445
2026-08-11,6228786
2026-08-12,6320867
2026-08-13,6321503
2026-08-14,7810333
2026-08-15,8465289
2026-08-16,6134194
2026-08-17,5379000
2026-08-18,7115769
2026-08-19,6744939
2026-08-20,6996012
2026-08-21,7123022
2026-08-22,7186000
2026-08-23,4917375
2026-08-24,6478083
2026-08-25,7401608
2026-08-26,7139582
2026-08-27,6992783
2026-08-28,8419258
2026-08-29,8508074
2026-08-30,6664167
2026-08-31,8590837
2026-09-01,8716745
2026-09-02,7975462
2026-09-03,7550134
2026-09-04,8093619
2026-09-05,8428505
2026-09-06,6438363
2026-09-07,7092751
2026-09-08,7128591
2026-09-09,7028821
2026-09-10,7200928
2026-09-11,7554919
2026-09-12,7654734
2026-09-13,6000626
2026-09-14,7024948
2026-09-15,8783008
2026-09-16,8341707
2026-09-17,8139064
2026-09-18,8503565
2026-09-19,7710313
2026-09-20,6648503
2026-09-21,7269684
2026-09-22,6963694
2026-09-23,7015659
2026-09-24,7846756
2026-09-25,8517980
2026-09-26,8554812
2026-09-27,6526969
2026-09-28,7531017
2026-09-29,8141052
2026-09-30,9552296
2026-10-01,10393179
2026-10-02,9469708
2026-10-03,9265675
