fecha,periodo,txn_acumuladas_millones,valor_acumulado_billones_cop,valor_derivado,ticket_promedio_cop,llaves_millones,usuarios_millones,fecha_aprox,tipo,verificacion,fuente,url,nota
2025-10-05,Pre-lanzamiento,0,0,false,,,,false,oficial,hecho público,Banco de la República,https://www.banrep.gov.co/es/bre-b,Corte en cero previo al arranque; la operación plena de Bre-B empezó el 6-oct-2025
2025-10-31,Oct 2025,64.4,,false,,,,false,oficial,"verificado en el PDF primario (nota 32, p. 21)",BanRep — Documento técnico Bre-B (feb 2026),https://www.banrep.gov.co/sites/default/files/publicaciones/archivos/documento-tecnico-bre-b-febrero-2026.pdf,"Entre el 6 y el 31 de octubre de 2025 se liquidaron por Bre-B 64,4 millones de operaciones"
2025-12-23,Dic 2025,200,34.0,false,,,,true,prensa,"leído en Bloomberg Línea (23-dic-2025), que atribuye las cifras a la directora de Sistemas de Pago de BanRep",Bloomberg Línea citando a BanRep,https://www.bloomberglinea.com/latinoamerica/colombia/bre-b-ya-suma-200-millones-de-transacciones-por-cop34-billones-esto-dice-el-banco-de-la-republica/,"Corte no publicado: se usa la fecha de la nota como cota superior. Casi 60% de las transferencias, menos de $50.000"
2026-01-31,Ene 2026,370.4,59.0,false,159456,99.0,33.9,false,oficial,verificado en el PDF primario (p. 20-21 y nota 33),BanRep — Documento técnico Bre-B (feb 2026),https://www.banrep.gov.co/sites/default/files/publicaciones/archivos/documento-tecnico-bre-b-febrero-2026.pdf,"Operaciones y valor: 6-oct-2025 a 31-ene-2026 (370,4 M; $59 billones; promedio $159.456). Llaves y usuarios: registro 14-jul-2025 a 31-ene-2026 (99 M llaves; 33,9 M clientes; 2,9 llaves por cliente; 2,9 M son comercios). Dic-2025: promedio diario 3,6 M, pico 4,8 M (24-dic); 31-ene-2026: 5,2 M operaciones"
2026-03-05,5 meses,503,80.0,false,,,,true,prensa,"leído en MobileTime (19-mar-2026): 'más de 503 millones' en los primeros 150 días, valor 'cercano a 80 billones'",MobileTime,https://mobiletime.la/noticias/19/03/2026/bre-b-premio-internacional/,"Corte = 150 días desde el 6-oct-2025 (≈ 5-mar). Ticket implícito ≈ $159.000, consistente con el resto de la serie"
2026-04-06,6 meses,670,105.0,false,156711,103.0,34.0,true,prensa,"confirmado en El Universal y Forbes Colombia (13-abr-2026), que citan a BanRep; el comunicado de BanRep no es accesible (captcha)",El Universal / Forbes citando a BanRep,https://www.eluniversal.com.co/economica/2026/04/13/estas-son-las-transacciones-de-bre-b-en-seis-meses-y-el-monto-promedio/,"Corte exacto no publicado: 111,6 M/mes × 6 ≈ 670 M y 670 M ÷ 3,7 M/día ≈ 181 días ⇒ ≈ 5-abr-2026. Publicado como 'más de' 34 M usuarios y 'supera' 105 billones; 39,3% de las txn entre 10 mil y 50 mil COP"
2026-05-04,May 2026,782.2,121.8,true,155755,105.0,34.9,true,prensa,"leído en Infobae (6-may-2026): 782.218.571 transacciones, ticket 155.755, '34.897.402 usuarios' y 'más de 105 millones de llaves' al 4-may",Infobae,https://www.infobae.com/colombia/2026/05/06/bre-b-disparo-sus-transacciones-en-colombia-y-ya-mueve-hasta-5-millones-de-operaciones-diarias/,"El 4-may es la fecha explícita de llaves y usuarios; se asume la misma para las transacciones. Valor derivado = 782,2 M × $155.755 (no publicado). Ojo: el ritmo implícito abril→mayo (≈4 M/día) no cuadra con '5 M diarias' del mismo artículo, que son picos"
2026-06-24,Jun 2026,1070,163.2,true,152509,108.0,35.0,false,prensa,"confirmado en dos notas: La República (30-jun-2026) y El Nuevo Siglo (10-jul-2026), que fechan las cifras al 24-jun",La República / El Nuevo Siglo citando a BanRep,https://www.larepublica.co/especiales/revolucion-de-los-pagos-que-conecta-al-pais/el-despliegue-de-bre-b-desde-su-lanzamiento-ya-tiene-108-millones-de-llaves-registradas-4425135,Valor acumulado derivado = 1.070 M txn × ticket 152.509 COP (no publicado). Antes figuraba como corte 30-jun; El Nuevo Siglo lo fecha al 24-jun
2026-08-31,Ago 2026,,,false,,111.8,,true,prensa,"componentes leídos en ColombiaPrensa (1-oct-2026), que cita a BanRep (DICE, agosto 2026); el total es la suma de ambos",ColombiaPrensa citando BanRep (DICE),https://colombiaprensa.com.co/bre-b-cumple-un-ano-pero-hoy-pocas-empresas-lo-usan-cobre-primer-actor-certificado-del-sistema-apuesta-por-cerrar-esa-brecha/,"Corte exacto no publicado. 106,5 M llaves de personas naturales (95,2%) + 5,3 M de jurídicas (4,8%) = 111,8 M. El mismo artículo menciona '108 millones' como total, cifra que corresponde al corte de junio; se usa la suma de componentes"
