mes,producto,franquicia,compras_num,compras_cop,metodo
2015-01,credito,AMEX,848196,163447742845,directo
2015-01,credito,DINERS,451283,123408663167,directo
2015-01,credito,MASTERCARD,4268437,823656565430,directo
2015-01,credito,OTRAS,1750362,283523951571,directo
2015-01,credito,VISA,5042675,1095251810909,directo
2015-01,debito,MASTERCARD,,1494584842501,estimado_tii
2015-01,debito,VISA,,785731699847,estimado_tii
2015-02,credito,AMEX,858199,163893773368,directo
2015-02,credito,DINERS,428852,117867740443,directo
2015-02,credito,MASTERCARD,4062185,798780001633,directo
2015-02,credito,OTRAS,1746488,291374946000,directo
2015-02,credito,VISA,4824571,1076034397380,directo
2015-02,debito,MASTERCARD,,1106377859240,estimado_tii
2015-02,debito,VISA,,990805490992,estimado_tii
2015-03,credito,AMEX,1038216,200868126177,directo
2015-03,credito,DINERS,507923,154164634246,directo
2015-03,credito,MASTERCARD,4697826,947904151880,directo
2015-03,credito,OTRAS,2033927,353457950858,directo
2015-03,credito,VISA,5534248,1272074042801,directo
2015-03,debito,MASTERCARD,,1482678759005,estimado_tii
2015-03,debito,VISA,,813555889866,estimado_tii
2015-04,credito,AMEX,891016,169254042047,directo
2015-04,credito,DINERS,469949,134699536979,directo
2015-04,credito,MASTERCARD,4425063,851994504775,directo
2015-04,credito,OTRAS,1773196,291148948293,directo
2015-04,credito,VISA,5215741,1170490335985,directo
2015-04,debito,MASTERCARD,,1358129713679,estimado_tii
2015-04,debito,VISA,,739236775431,estimado_tii
2015-05,credito,AMEX,943401,181132566265,directo
2015-05,credito,DINERS,470352,131481716942,directo
2015-05,credito,MASTERCARD,4671143,918841913287,directo
2015-05,credito,OTRAS,1945906,325703172727,directo
2015-05,credito,VISA,5438847,1205664782087,directo
2015-05,debito,MASTERCARD,,1523463273059,estimado_tii
2015-05,debito,VISA,,768431137314,estimado_tii
2015-06,credito,AMEX,1026343,209069956694,directo
2015-06,credito,DINERS,456038,124674718328,directo
2015-06,credito,MASTERCARD,4858167,1002580741386,directo
2015-06,credito,OTRAS,1982568,368726520286,directo
2015-06,credito,VISA,5746684,1304491288073,directo
2015-06,debito,MASTERCARD,,1610653330769,estimado_tii
2015-06,debito,VISA,,881370076768,estimado_tii
2015-07,credito,AMEX,943065,186752722800,directo
2015-07,credito,DINERS,469545,135442620690,directo
2015-07,credito,MASTERCARD,4753527,980268510451,directo
2015-07,credito,OTRAS,1888538,335720083605,directo
2015-07,credito,VISA,5586618,1300351321501,directo
2015-07,debito,MASTERCARD,,1694913566936,estimado_tii
2015-07,debito,VISA,,915731814794,estimado_tii
2015-08,credito,AMEX,955422,185090570465,directo
2015-08,credito,DINERS,452683,126695395515,directo
2015-08,credito,MASTERCARD,4961761,968395416284,directo
2015-08,credito,OTRAS,1814246,326892747437,directo
2015-08,credito,VISA,5828038,1308022060833,directo
2015-08,debito,MASTERCARD,,1633203197662,estimado_tii
2015-08,debito,VISA,,874502001478,estimado_tii
2015-09,credito,AMEX,961666,189566290395,directo
2015-09,credito,DINERS,471190,142252399091,directo
2015-09,credito,MASTERCARD,4989795,991539486270,directo
2015-09,credito,OTRAS,1781383,305708568400,directo
2015-09,credito,VISA,5895923,1336116558964,directo
2015-09,debito,MASTERCARD,,1543509722489,estimado_tii
2015-09,debito,VISA,,839268651214,estimado_tii
2015-10,credito,AMEX,907637,170779250600,directo
2015-10,credito,DINERS,472818,137213838908,directo
2015-10,credito,MASTERCARD,4964607,953828100887,directo
2015-10,credito,OTRAS,1882089,321212941347,directo
2015-10,credito,VISA,5820161,1296288763245,directo
2015-10,debito,MASTERCARD,,1638036144841,estimado_tii
2015-10,debito,VISA,,872550440056,estimado_tii
2015-11,credito,AMEX,1011880,198788821959,directo
2015-11,credito,DINERS,487076,143496310406,directo
2015-11,credito,MASTERCARD,5546271,1129591857656,directo
2015-11,credito,OTRAS,1889899,358007569484,directo
2015-11,credito,VISA,6350342,1444920590134,directo
2015-11,debito,MASTERCARD,,1704476984646,estimado_tii
2015-11,debito,VISA,,913195730286,estimado_tii
2015-12,credito,AMEX,1104814,232323984422,directo
2015-12,credito,DINERS,538780,163709330176,directo
2015-12,credito,MASTERCARD,6166150,1313828199390,directo
2015-12,credito,OTRAS,2326525,446325165432,directo
2015-12,credito,VISA,6963107,1668532347311,directo
2015-12,debito,MASTERCARD,,2647383294418,estimado_tii
2015-12,debito,VISA,,1395724707991,estimado_tii
2016-01,credito,AMEX,794089,156337133475,directo
2016-01,credito,DINERS,411716,118946450590,directo
2016-01,credito,MASTERCARD,5034895,996158530789,directo
2016-01,credito,OTRAS,1555284,275060172300,directo
2016-01,credito,VISA,5594580,1274293868353,directo
2016-01,debito,MASTERCARD,,1792506637526,estimado_tii
2016-01,debito,VISA,,941569452521,estimado_tii
2016-02,credito,AMEX,909573,180916030305,directo
2016-02,credito,DINERS,429942,131512145612,directo
2016-02,credito,MASTERCARD,5134374,1018015281646,directo
2016-02,credito,OTRAS,1609862,306398404604,directo
2016-02,credito,VISA,5963643,1378335599176,directo
2016-02,debito,MASTERCARD,,1639595540437,estimado_tii
2016-02,debito,VISA,,960379619342,estimado_tii
2016-03,credito,AMEX,929796,179655165571,directo
2016-03,credito,DINERS,459748,147952635638,directo
2016-03,credito,MASTERCARD,5419406,1053989707394,directo
2016-03,credito,OTRAS,1684787,296647610078,directo
2016-03,credito,VISA,6071222,1411038247696,directo
2016-03,debito,MASTERCARD,,1679983718119,estimado_tii
2016-03,debito,VISA,,889453187370,estimado_tii
2016-04,credito,AMEX,829614,163810928184,directo
2016-04,credito,DINERS,428533,129185704466,directo
2016-04,credito,MASTERCARD,5302248,1070296649946,directo
2016-04,credito,OTRAS,1516510,265009765176,directo
2016-04,credito,VISA,5901732,1392465241380,directo
2016-04,debito,MASTERCARD,,1695744744884,estimado_tii
2016-04,debito,VISA,,887726397286,estimado_tii
2016-05,credito,AMEX,986698,192692223381,directo
2016-05,credito,DINERS,461552,136277937171,directo
2016-05,credito,MASTERCARD,6026964,1188324725686,directo
2016-05,credito,OTRAS,1698127,297799734763,directo
2016-05,credito,VISA,6610992,1492199039514,directo
2016-05,debito,MASTERCARD,,1760739048446,estimado_tii
2016-05,debito,VISA,,987008041481,estimado_tii
2016-06,credito,AMEX,931497,195622086083,directo
2016-06,credito,DINERS,460212,150014648722,directo
2016-06,credito,MASTERCARD,5890676,1227945804745,directo
2016-06,credito,OTRAS,1709548,317215189149,directo
2016-06,credito,VISA,6385172,1526205343432,directo
2016-06,debito,MASTERCARD,,1846116619377,estimado_tii
2016-06,debito,VISA,,1004844841978,estimado_tii
2016-07,credito,AMEX,766691,161694527047,directo
2016-07,credito,DINERS,412499,114627914915,directo
2016-07,credito,MASTERCARD,5607119,1120156108070,directo
2016-07,credito,OTRAS,1716318,331941846602,directo
2016-07,credito,VISA,6070979,1391092720016,directo
2016-07,debito,MASTERCARD,,1984033645515,estimado_tii
2016-07,debito,VISA,,1057013196746,estimado_tii
2016-08,credito,AMEX,865334,180225893970,directo
2016-08,credito,DINERS,449564,132178469682,directo
2016-08,credito,MASTERCARD,6128194,1213569396213,directo
2016-08,credito,OTRAS,1716947,324862818544,directo
2016-08,credito,VISA,6716644,1526441003199,directo
2016-08,debito,MASTERCARD,,1847058312582,estimado_tii
2016-08,debito,VISA,,996836203504,estimado_tii
2016-09,credito,AMEX,877226,175776517378,directo
2016-09,credito,DINERS,473329,109544154005,directo
2016-09,credito,MASTERCARD,5930483,1184947685446,directo
2016-09,credito,OTRAS,1694120,287895080516,directo
2016-09,credito,VISA,6501764,1452874988090,directo
2016-09,debito,MASTERCARD,,1779812647067,estimado_tii
2016-09,debito,VISA,,952237754279,estimado_tii
2016-10,credito,AMEX,887930,173952807113,directo
2016-10,credito,DINERS,434230,120989943170,directo
2016-10,credito,MASTERCARD,6280926,1212686131274,directo
2016-10,credito,OTRAS,1722174,309777634109,directo
2016-10,credito,VISA,6713276,1480154651414,directo
2016-10,debito,MASTERCARD,,1896223416601,estimado_tii
2016-10,debito,VISA,,967186809220,estimado_tii
2016-11,credito,AMEX,919434,188948083436,directo
2016-11,credito,DINERS,460617,145267255471,directo
2016-11,credito,MASTERCARD,6754000,1392446798477,directo
2016-11,credito,OTRAS,1824867,349111631927,directo
2016-11,credito,VISA,7060041,1662309499834,directo
2016-11,debito,MASTERCARD,,1967391433327,estimado_tii
2016-11,debito,VISA,,973939068992,estimado_tii
2016-12,credito,AMEX,960918,208090885206,directo
2016-12,credito,DINERS,473086,143745095638,directo
2016-12,credito,MASTERCARD,7198293,1546621623672,directo
2016-12,credito,OTRAS,2198612,413357636572,directo
2016-12,credito,VISA,7450794,1805018816084,directo
2016-12,debito,MASTERCARD,,3052639258222,estimado_tii
2016-12,debito,VISA,,1544055729853,estimado_tii
2017-01,credito,AMEX,845965,176567923730,directo
2017-01,credito,DINERS,381022,111917107551,directo
2017-01,credito,MASTERCARD,6160263,1228448806395,directo
2017-01,credito,OTRAS,1423782,245875805108,directo
2017-01,credito,VISA,6570552,1522715424375,directo
2017-01,debito,MASTERCARD,,2014279224611,estimado_tii
2017-01,debito,VISA,,1048864909865,estimado_tii
2017-02,credito,AMEX,771932,152514821151,directo
2017-02,credito,DINERS,384527,118378766068,directo
2017-02,credito,MASTERCARD,5727520,1122894873477,directo
2017-02,credito,OTRAS,1324793,218087020124,directo
2017-02,credito,VISA,6042866,1403952611738,directo
2017-02,debito,MASTERCARD,,1751447136524,estimado_tii
2017-02,debito,VISA,,1016825224681,estimado_tii
2017-03,credito,AMEX,849899,167303968306,directo
2017-03,credito,DINERS,408240,135637303006,directo
2017-03,credito,MASTERCARD,6518498,1318062669425,directo
2017-03,credito,OTRAS,1613582,303424330374,directo
2017-03,credito,VISA,7012342,1684982533031,directo
2017-03,debito,MASTERCARD,,1965620066852,estimado_tii
2017-03,debito,VISA,,1005642171203,estimado_tii
2017-04,credito,AMEX,767345,149287524141,directo
2017-04,credito,DINERS,407546,112938040438,directo
2017-04,credito,MASTERCARD,6094760,1119922528948,directo
2017-04,credito,OTRAS,1456607,258995039881,directo
2017-04,credito,VISA,6441656,1437230439540,directo
2017-04,debito,MASTERCARD,,1866329391636,estimado_tii
2017-04,debito,VISA,,989247277921,estimado_tii
2017-05,credito,AMEX,914593,178238438225,directo
2017-05,credito,DINERS,435270,143945301515,directo
2017-05,credito,MASTERCARD,6913160,1281731413422,directo
2017-05,credito,OTRAS,1552202,274000726081,directo
2017-05,credito,VISA,7562993,1697186449599,directo
2017-05,debito,MASTERCARD,,1925239464984,estimado_tii
2017-05,debito,VISA,,1107640901984,estimado_tii
2017-06,credito,AMEX,822319,169398557521,directo
2017-06,credito,DINERS,393914,124851853757,directo
2017-06,credito,MASTERCARD,6621380,1300039471542,directo
2017-06,credito,OTRAS,1491245,279253214806,directo
2017-06,credito,VISA,6997632,1671302696148,directo
2017-06,debito,MASTERCARD,,2083028661821,estimado_tii
2017-06,debito,VISA,,1103552199055,estimado_tii
2017-07,credito,AMEX,837488,167112779578,directo
2017-07,credito,DINERS,390830,113043731914,directo
2017-07,credito,MASTERCARD,6673768,1283630038596,directo
2017-07,credito,OTRAS,1549158,304801117644,directo
2017-07,credito,VISA,7242796,1713505247289,directo
2017-07,debito,MASTERCARD,,2187933610006,estimado_tii
2017-07,debito,VISA,,1227375803004,estimado_tii
2017-08,credito,AMEX,818621,161272707488,directo
2017-08,credito,DINERS,418421,132475368443,directo
2017-08,credito,MASTERCARD,6478926,1233918170906,directo
2017-08,credito,OTRAS,1507542,302399647643,directo
2017-08,credito,VISA,7315472,1679984998519,directo
2017-08,debito,MASTERCARD,,2013445636179,estimado_tii
2017-08,debito,VISA,,1046871405852,estimado_tii
2017-09,credito,AMEX,766842,149465973028,directo
2017-09,credito,DINERS,379806,114791416231,directo
2017-09,credito,MASTERCARD,6390982,1243149081581,directo
2017-09,credito,OTRAS,1476287,286057474818,directo
2017-09,credito,VISA,7042531,1583014253584,directo
2017-09,debito,MASTERCARD,,1995633597286,estimado_tii
2017-09,debito,VISA,,1022234054110,estimado_tii
2017-10,credito,AMEX,841041,161418859217,directo
2017-10,credito,DINERS,407552,125279765852,directo
2017-10,credito,MASTERCARD,6836651,1307316909733,directo
2017-10,credito,OTRAS,1465991,279973584219,directo
2017-10,credito,VISA,7690937,1691993532468,directo
2017-10,debito,MASTERCARD,,2027606469879,estimado_tii
2017-10,debito,VISA,,1050985262982,estimado_tii
2017-11,credito,AMEX,858085,175482761430,directo
2017-11,credito,DINERS,441690,145656539378,directo
2017-11,credito,MASTERCARD,7240585,1509603845514,directo
2017-11,credito,OTRAS,1526009,312194677586,directo
2017-11,credito,VISA,8016055,1888674170677,directo
2017-11,debito,MASTERCARD,,2148127184266,estimado_tii
2017-11,debito,VISA,,1085388629996,estimado_tii
2017-12,credito,AMEX,885951,189498931751,directo
2017-12,credito,DINERS,426156,130977887363,directo
2017-12,credito,MASTERCARD,7530131,1576664846387,directo
2017-12,credito,OTRAS,1849652,362823918632,directo
2017-12,credito,VISA,8105206,1943406978671,directo
2017-12,debito,MASTERCARD,,3340398894075,estimado_tii
2017-12,debito,VISA,,1671496203770,estimado_tii
2018-01,credito,AMEX,852055,174452072579,directo
2018-01,credito,DINERS,388008,123182036983,directo
2018-01,credito,MASTERCARD,6787775,1344890312599,directo
2018-01,credito,OTRAS,1251482,236996651679,directo
2018-01,credito,VISA,7856080,1819881258462,directo
2018-01,debito,MASTERCARD,,2215466867538,estimado_tii
2018-01,debito,VISA,,1250893632696,estimado_tii
2018-02,credito,AMEX,734548,148643462512,directo
2018-02,credito,DINERS,361793,115009882277,directo
2018-02,credito,MASTERCARD,6180738,1224828999785,directo
2018-02,credito,OTRAS,1169870,227100860238,directo
2018-02,credito,VISA,7016598,1613650030110,directo
2018-02,debito,MASTERCARD,,1957975537600,estimado_tii
2018-02,debito,VISA,,1114250447912,estimado_tii
2018-03,credito,AMEX,748303,155328554616,directo
2018-03,credito,DINERS,381675,120226328339,directo
2018-03,credito,MASTERCARD,6667209,1328058529950,directo
2018-03,credito,OTRAS,1291468,260899262123,directo
2018-03,credito,VISA,7436423,1723857919283,directo
2018-03,debito,MASTERCARD,,2208533330565,estimado_tii
2018-03,debito,VISA,,1150760479198,estimado_tii
2018-04,credito,AMEX,859684,178244856252,directo
2018-04,credito,DINERS,384792,127012322928,directo
2018-04,credito,MASTERCARD,7160080,1406799933296,directo
2018-04,credito,OTRAS,1242134,248460257156,directo
2018-04,credito,VISA,8231106,1861584578202,directo
2018-04,debito,MASTERCARD,,2104472862040,estimado_tii
2018-04,debito,VISA,,1181915023042,estimado_tii
2018-05,credito,AMEX,837449,170859203888,directo
2018-05,credito,DINERS,410274,138667164449,directo
2018-05,credito,MASTERCARD,7365352,1455668200978,directo
2018-05,credito,OTRAS,1492610,294662039612,directo
2018-05,credito,VISA,8248458,1857864642621,directo
2018-05,debito,MASTERCARD,,2189372074036,estimado_tii
2018-05,debito,VISA,,1180462883729,estimado_tii
2018-06,credito,AMEX,777414,160613284593,directo
2018-06,credito,DINERS,361199,116016544142,directo
2018-06,credito,MASTERCARD,7112568,1443682636681,directo
2018-06,credito,OTRAS,1327192,281743559123,directo
2018-06,credito,VISA,7797412,1805053244547,directo
2018-06,debito,MASTERCARD,,2398557664425,estimado_tii
2018-06,debito,VISA,,1255991022198,estimado_tii
2018-07,credito,AMEX,848597,173000611376,directo
2018-07,credito,DINERS,370813,108507598654,directo
2018-07,credito,MASTERCARD,7395983,1494606175415,directo
2018-07,credito,OTRAS,1308380,273834878812,directo
2018-07,credito,VISA,8472875,1897321552624,directo
2018-07,debito,MASTERCARD,,2454481630357,estimado_tii
2018-07,debito,VISA,,1318968666398,estimado_tii
2018-08,credito,AMEX,831994,164254881684,directo
2018-08,credito,DINERS,382887,116992347968,directo
2018-08,credito,MASTERCARD,7439809,1457253692939,directo
2018-08,credito,OTRAS,1310036,277807245925,directo
2018-08,credito,VISA,8722378,1861312323359,directo
2018-08,debito,MASTERCARD,,2341819634907,estimado_tii
2018-08,debito,VISA,,1185817999648,estimado_tii
2018-09,credito,AMEX,776038,150398227931,directo
2018-09,credito,DINERS,381893,115038415113,directo
2018-09,credito,MASTERCARD,7348990,1391049969501,directo
2018-09,credito,OTRAS,1302741,265739245394,directo
2018-09,credito,VISA,8440521,1745516846012,directo
2018-09,debito,MASTERCARD,,2274616100005,estimado_tii
2018-09,debito,VISA,,1166540119633,estimado_tii
2018-10,credito,AMEX,938195,177508361908,directo
2018-10,credito,DINERS,413306,139776780348,directo
2018-10,credito,MASTERCARD,8280838,1545735039221,directo
2018-10,credito,OTRAS,1342543,277677565889,directo
2018-10,credito,VISA,9826521,2004525232369,directo
2018-10,debito,MASTERCARD,,2353271294908,estimado_tii
2018-10,debito,VISA,,1210050404343,estimado_tii
2018-11,credito,AMEX,929703,183899005393,directo
2018-11,credito,DINERS,397304,124641119334,directo
2018-11,credito,MASTERCARD,8584870,1783453023869,directo
2018-11,credito,OTRAS,1225125,279690496852,directo
2018-11,credito,VISA,10005021,2130702880518,directo
2018-11,debito,MASTERCARD,,2492107393235,estimado_tii
2018-11,debito,VISA,,1264668452036,estimado_tii
2018-12,credito,AMEX,980083,195790115046,directo
2018-12,credito,DINERS,405821,121292641491,directo
2018-12,credito,MASTERCARD,8970768,1804760786006,directo
2018-12,credito,OTRAS,1550788,335606209889,directo
2018-12,credito,VISA,10397573,2232708985040,directo
2018-12,debito,MASTERCARD,,3835238726742,estimado_tii
2018-12,debito,VISA,,1876283412649,estimado_tii
2019-01,credito,AMEX,858587,160502765224,directo
2019-01,credito,DINERS,376834,121800345246,directo
2019-01,credito,MASTERCARD,7793557,1474838449330,directo
2019-01,credito,OTRAS,1350583,228888917055,directo
2019-01,credito,VISA,9393755,1928237635550,directo
2019-01,debito,MASTERCARD,,2555996954650,estimado_tii
2019-01,debito,VISA,,1372038121595,estimado_tii
2019-02,credito,AMEX,803717,147642649794,directo
2019-02,credito,DINERS,352945,112317689335,directo
2019-02,credito,MASTERCARD,7543974,1412074279950,directo
2019-02,credito,OTRAS,1124694,250758106786,directo
2019-02,credito,VISA,9045321,1810712974479,directo
2019-02,debito,MASTERCARD,,2312926658038,estimado_tii
2019-02,debito,VISA,,1270137363902,estimado_tii
2019-03,credito,AMEX,865053,157275812668,directo
2019-03,credito,DINERS,387481,117366718034,directo
2019-03,credito,MASTERCARD,8282685,1581068166925,directo
2019-03,credito,OTRAS,1274579,286675803742,directo
2019-03,credito,VISA,9943033,1974636757342,directo
2019-03,debito,MASTERCARD,,2644193354698,estimado_tii
2019-03,debito,VISA,,1303676052721,estimado_tii
2019-04,credito,AMEX,952901,170555203422,directo
2019-04,credito,DINERS,386324,122937169052,directo
2019-04,credito,MASTERCARD,8494628,1584286627784,directo
2019-04,credito,OTRAS,1196090,257168164295,directo
2019-04,credito,VISA,10282994,1992678994447,directo
2019-04,debito,MASTERCARD,,2451071881424,estimado_tii
2019-04,debito,VISA,,1278639853004,estimado_tii
2019-05,credito,AMEX,937358,175820973106,directo
2019-05,credito,DINERS,379565,119369063254,directo
2019-05,credito,MASTERCARD,8036338,1690080738998,directo
2019-05,credito,OTRAS,1244031,264664578198,directo
2019-05,credito,VISA,10862581,2161969690493,directo
2019-05,debito,MASTERCARD,,2672098382561,estimado_tii
2019-05,debito,VISA,,1345770768054,estimado_tii
2019-06,credito,AMEX,895164,168877408947,directo
2019-06,credito,DINERS,354142,100860069128,directo
2019-06,credito,MASTERCARD,8237442,1716417960254,directo
2019-06,credito,OTRAS,1229776,283172965854,directo
2019-06,credito,VISA,10248120,2025228062455,directo
2019-06,debito,MASTERCARD,,2919640661841,estimado_tii
2019-06,debito,VISA,,1389638239227,estimado_tii
2019-07,credito,AMEX,1013743,188475868229,directo
2019-07,credito,DINERS,371100,118895764876,directo
2019-07,credito,MASTERCARD,9281908,1836058454215,directo
2019-07,credito,OTRAS,1180107,265474659307,directo
2019-07,credito,VISA,11931484,2328439332925,directo
2019-07,debito,MASTERCARD,,3011133549234,estimado_tii
2019-07,debito,VISA,,1572719884456,estimado_tii
2019-08,credito,AMEX,926267,164788859971,directo
2019-08,credito,DINERS,359167,102517840112,directo
2019-08,credito,MASTERCARD,8645006,1689822047374,directo
2019-08,credito,OTRAS,1152436,275630987695,directo
2019-08,credito,VISA,10979280,2186200614792,directo
2019-08,debito,MASTERCARD,,2938411630069,estimado_tii
2019-08,debito,VISA,,1344415341210,estimado_tii
2019-09,credito,AMEX,973505,173619201558,directo
2019-09,credito,DINERS,367096,111690619337,directo
2019-09,credito,MASTERCARD,9082988,1757629115704,directo
2019-09,credito,OTRAS,1159506,256529801109,directo
2019-09,credito,VISA,11444103,2255967206604,directo
2019-09,debito,MASTERCARD,,2806194864784,estimado_tii
2019-09,debito,VISA,,1408240015555,estimado_tii
2019-10,credito,AMEX,966401,167384081677,directo
2019-10,credito,DINERS,381300,123775322355,directo
2019-10,credito,MASTERCARD,9432943,1814245129829,directo
2019-10,credito,OTRAS,1172975,253272849859,directo
2019-10,credito,VISA,11664446,2305770448006,directo
2019-10,debito,MASTERCARD,,2875909756644,estimado_tii
2019-10,debito,VISA,,1361237617543,estimado_tii
2019-11,credito,AMEX,929579,161418146556,directo
2019-11,credito,DINERS,369918,112446461468,directo
2019-11,credito,MASTERCARD,9498004,1835330042419,directo
2019-11,credito,OTRAS,1208817,283348494281,directo
2019-11,credito,VISA,11783314,2281922810867,directo
2019-11,debito,MASTERCARD,,2931580713894,estimado_tii
2019-11,debito,VISA,,1433284897208,estimado_tii
2019-12,credito,AMEX,1108538,220997124693,directo
2019-12,credito,DINERS,392656,121384124308,directo
2019-12,credito,MASTERCARD,10920723,2317731997949,directo
2019-12,credito,OTRAS,1427472,335677484746,directo
2019-12,credito,VISA,13537349,2910732022407,directo
2019-12,debito,MASTERCARD,,4565741526078,estimado_tii
2019-12,debito,VISA,,2244905028905,estimado_tii
2020-01,credito,AMEX,889864,163263588295,directo
2020-01,credito,DINERS,336600,99548691044,directo
2020-01,credito,MASTERCARD,9010806,1772194651280,directo
2020-01,credito,OTRAS,1005952,220504602635,directo
2020-01,credito,VISA,11538725,2302602820724,directo
2020-01,debito,MASTERCARD,,3153955236505,estimado_tii
2020-01,debito,VISA,,1560016189304,estimado_tii
2020-02,credito,AMEX,861187,148708856800,directo
2020-02,credito,DINERS,335196,98228833881,directo
2020-02,credito,MASTERCARD,8928704,1695964787721,directo
2020-02,credito,OTRAS,1062265,250842268234,directo
2020-02,credito,VISA,11621177,2190919676971,directo
2020-02,debito,MASTERCARD,,3002355655793,estimado_tii
2020-02,debito,VISA,,1498536402364,estimado_tii
2020-03,credito,AMEX,821896,136153386252,directo
2020-03,credito,DINERS,303212,102435818297,directo
2020-03,credito,MASTERCARD,8907359,1670382843974,directo
2020-03,credito,OTRAS,979102,224259601887,directo
2020-03,credito,VISA,11087853,1930907646356,directo
2020-03,debito,MASTERCARD,,2605592940240,estimado_tii
2020-03,debito,VISA,,1327504061961,estimado_tii
2020-04,credito,AMEX,516886,68000658186,directo
2020-04,credito,DINERS,197612,62706643493,directo
2020-04,credito,MASTERCARD,5197934,735584438867,directo
2020-04,credito,OTRAS,468907,111743727363,directo
2020-04,credito,VISA,6819287,957191324655,directo
2020-04,debito,MASTERCARD,,1495743178270,estimado_tii
2020-04,debito,VISA,,928195817157,estimado_tii
2020-05,credito,AMEX,573195,80806541112,directo
2020-05,credito,DINERS,205127,56069445760,directo
2020-05,credito,MASTERCARD,5871795,960069988650,directo
2020-05,credito,OTRAS,501232,126456766044,directo
2020-05,credito,VISA,7614687,1184093124421,directo
2020-05,debito,MASTERCARD,,1999884375574,estimado_tii
2020-05,debito,VISA,,1125893788648,estimado_tii
2020-06,credito,AMEX,668031,109678565828,directo
2020-06,credito,DINERS,222200,68266114628,directo
2020-06,credito,MASTERCARD,6757135,1260844437848,directo
2020-06,credito,OTRAS,576109,168879200740,directo
2020-06,credito,VISA,8839670,1596809061587,directo
2020-06,debito,MASTERCARD,,2615964126418,estimado_tii
2020-06,debito,VISA,,1394855826947,estimado_tii
2020-07,credito,AMEX,649955,117075078004,directo
2020-07,credito,DINERS,231520,67196710321,directo
2020-07,credito,MASTERCARD,6942798,1351824066808,directo
2020-07,credito,OTRAS,554524,162233254262,directo
2020-07,credito,VISA,8641117,1653363726834,directo
2020-07,debito,MASTERCARD,,2725348894291,estimado_tii
2020-07,debito,VISA,,1560132169218,estimado_tii
2020-08,credito,AMEX,627456,104895131575,directo
2020-08,credito,DINERS,223302,59094226071,directo
2020-08,credito,MASTERCARD,6837150,1262569428995,directo
2020-08,credito,OTRAS,522225,163706624951,directo
2020-08,credito,VISA,8865202,1524505590601,directo
2020-08,debito,MASTERCARD,,2589736742645,estimado_tii
2020-08,debito,VISA,,1411752095262,estimado_tii
2020-09,credito,AMEX,689340,120817608657,directo
2020-09,credito,DINERS,249843,79583952627,directo
2020-09,credito,MASTERCARD,7683554,1569511834627,directo
2020-09,credito,OTRAS,644088,181441485568,directo
2020-09,credito,VISA,9689730,1714348765676,directo
2020-09,debito,MASTERCARD,,3119441120629,estimado_tii
2020-09,debito,VISA,,1567787412624,estimado_tii
2020-10,credito,AMEX,694753,123103520779,directo
2020-10,credito,DINERS,255952,72478042025,directo
2020-10,credito,MASTERCARD,7865033,1596921276688,directo
2020-10,credito,OTRAS,694980,196211480122,directo
2020-10,credito,VISA,9687347,1846900451713,directo
2020-10,debito,MASTERCARD,,3358129582239,estimado_tii
2020-10,debito,VISA,,1596957850679,estimado_tii
2020-11,credito,AMEX,818842,158811095523,directo
2020-11,credito,DINERS,274551,84783963506,directo
2020-11,credito,MASTERCARD,8811730,2072843455004,directo
2020-11,credito,OTRAS,697703,214307725618,directo
2020-11,credito,VISA,10993952,2288012136672,directo
2020-11,debito,MASTERCARD,,3672879399036,estimado_tii
2020-11,debito,VISA,,1866612241096,estimado_tii
2020-12,credito,AMEX,848379,163206518948,directo
2020-12,credito,DINERS,290977,91539012432,directo
2020-12,credito,MASTERCARD,8882727,1897202723325,directo
2020-12,credito,OTRAS,780987,205940822557,directo
2020-12,credito,VISA,11289683,2345989846949,directo
2020-12,debito,MASTERCARD,,4933477713806,estimado_tii
2020-12,debito,VISA,,2362855644357,estimado_tii
2021-01,credito,AMEX,634172,112818309047,directo
2021-01,credito,DINERS,224749,58783875705,directo
2021-01,credito,MASTERCARD,6905243,1363001515140,directo
2021-01,credito,OTRAS,523452,144610502783,directo
2021-01,credito,VISA,8807673,1694430314383,directo
2021-01,debito,MASTERCARD,,3201020784081,estimado_tii
2021-01,debito,VISA,,1625032037954,estimado_tii
2021-02,credito,AMEX,691422,125446846408,directo
2021-02,credito,DINERS,262925,78679142161,directo
2021-02,credito,MASTERCARD,7491912,1544751472512,directo
2021-02,credito,OTRAS,652991,193075746359,directo
2021-02,credito,VISA,9627963,1894027763529,directo
2021-02,debito,MASTERCARD,,3394031293986,estimado_tii
2021-02,debito,VISA,,1749524755397,estimado_tii
2021-03,credito,AMEX,864235,155691028737,directo
2021-03,credito,DINERS,311801,101708248831,directo
2021-03,credito,MASTERCARD,9235420,1862582491505,directo
2021-03,credito,OTRAS,726685,196204249397,directo
2021-03,credito,VISA,11860323,2271906682327,directo
2021-03,debito,MASTERCARD,,3821387252078,estimado_tii
2021-03,debito,VISA,,1930645009413,estimado_tii
2021-04,credito,AMEX,711882,118765848738,directo
2021-04,credito,DINERS,236044,60777741501,directo
2021-04,credito,MASTERCARD,7813624,1447859039560,directo
2021-04,credito,OTRAS,548617,140545560107,directo
2021-04,credito,VISA,9908844,1790044115889,directo
2021-04,debito,MASTERCARD,,3067794608230,estimado_tii
2021-04,debito,VISA,,1625654300647,estimado_tii
2021-05,credito,AMEX,765672,134190670235,directo
2021-05,credito,DINERS,264346,78481471950,directo
2021-05,credito,MASTERCARD,8648355,1623716126728,directo
2021-05,credito,OTRAS,629056,164919505268,directo
2021-05,credito,VISA,10889432,1994112475162,directo
2021-05,debito,MASTERCARD,,3542723381084,estimado_tii
2021-05,debito,VISA,,1799349590668,estimado_tii
2021-06,credito,AMEX,828999,156997002396,directo
2021-06,credito,DINERS,280811,90852437171,directo
2021-06,credito,MASTERCARD,9270116,1871063444570,directo
2021-06,credito,OTRAS,670348,176398936278,directo
2021-06,credito,VISA,11547190,2271335083145,directo
2021-06,debito,MASTERCARD,,4031608002982,estimado_tii
2021-06,debito,VISA,,1995499715198,estimado_tii
2021-07,credito,AMEX,826713,154170990023,directo
2021-07,credito,DINERS,269849,74552316904,directo
2021-07,credito,MASTERCARD,9832045,2160486106439,directo
2021-07,credito,OTRAS,713527,197876339658,directo
2021-07,credito,VISA,11734906,2312633815448,directo
2021-07,debito,MASTERCARD,,4488618683348,estimado_tii
2021-07,debito,VISA,,2112361662560,estimado_tii
2021-08,credito,AMEX,920064,164787111852,directo
2021-08,credito,DINERS,292388,83219512832,directo
2021-08,credito,MASTERCARD,10252340,2031297845421,directo
2021-08,credito,OTRAS,711453,192524414416,directo
2021-08,credito,VISA,12982366,2458139476314,directo
2021-08,debito,MASTERCARD,,4397291959548,estimado_tii
2021-08,debito,VISA,,2003027330735,estimado_tii
2021-09,credito,AMEX,890598,164364266156,directo
2021-09,credito,DINERS,292448,97714162995,directo
2021-09,credito,MASTERCARD,10030055,2022054423504,directo
2021-09,credito,OTRAS,712373,175389557801,directo
2021-09,credito,VISA,12665628,2443906223453,directo
2021-09,debito,MASTERCARD,,4481274227905,estimado_tii
2021-09,debito,VISA,,2050560641876,estimado_tii
2021-10,credito,AMEX,913470,172031628524,directo
2021-10,credito,DINERS,291759,84276743785,directo
2021-10,credito,MASTERCARD,10556566,2186776358629,directo
2021-10,credito,OTRAS,725265,192747548576,directo
2021-10,credito,VISA,12773288,2500483607523,directo
2021-10,debito,MASTERCARD,,4930270422988,estimado_tii
2021-10,debito,VISA,,2076765383838,estimado_tii
2021-11,credito,AMEX,1063775,201021876264,directo
2021-11,credito,DINERS,306297,101155291114,directo
2021-11,credito,MASTERCARD,11614135,2443309075202,directo
2021-11,credito,OTRAS,682665,174208300072,directo
2021-11,credito,VISA,14540757,2900281251962,directo
2021-11,debito,MASTERCARD,,5009547820799,estimado_tii
2021-11,debito,VISA,,2316480044707,estimado_tii
2021-12,credito,AMEX,1091888,218585219854,directo
2021-12,credito,DINERS,319950,99715120142,directo
2021-12,credito,MASTERCARD,12110262,2703360872674,directo
2021-12,credito,OTRAS,837637,219337392312,directo
2021-12,credito,VISA,14640450,3096342418327,directo
2021-12,debito,MASTERCARD,,7144293778009,estimado_tii
2021-12,debito,VISA,,3142624948439,estimado_tii
2022-01,credito,AMEX,932362,174008505382,directo
2022-01,credito,DINERS,251245,74340461500,directo
2022-01,credito,MASTERCARD,10655054,2188266276445,directo
2022-01,credito,OTRAS,597817,150384990045,directo
2022-01,credito,VISA,13446494,2663833617564,directo
2022-01,debito,MASTERCARD,,5111820678022,estimado_tii
2022-01,debito,VISA,,2336423797288,estimado_tii
2022-02,credito,AMEX,902453,169735200313,directo
2022-02,credito,DINERS,252092,89074434758,directo
2022-02,credito,MASTERCARD,10207910,2153008763680,directo
2022-02,credito,OTRAS,639517,168218125999,directo
2022-02,credito,VISA,12718154,2506191715771,directo
2022-02,debito,MASTERCARD,,4749543480973,estimado_tii
2022-02,debito,VISA,,2210085458764,estimado_tii
2022-03,credito,AMEX,1080576,211801696147,directo
2022-03,credito,DINERS,287851,108068974588,directo
2022-03,credito,MASTERCARD,12040999,2646481475977,directo
2022-03,credito,OTRAS,723335,190661750431,directo
2022-03,credito,VISA,14493598,2992579000597,directo
2022-03,debito,MASTERCARD,,5466287825034,estimado_tii
2022-03,debito,VISA,,2627340615592,estimado_tii
2022-04,credito,AMEX,975591,183012595782,directo
2022-04,credito,DINERS,259745,83156289088,directo
2022-04,credito,MASTERCARD,11332686,2350154769572,directo
2022-04,credito,OTRAS,655086,154044341117,directo
2022-04,credito,VISA,13479431,2627491796026,directo
2022-04,debito,MASTERCARD,,5348080185016,estimado_tii
2022-04,debito,VISA,,2278044185719,estimado_tii
2022-05,credito,AMEX,1129868,212573329726,directo
2022-05,credito,DINERS,283325,97228976927,directo
2022-05,credito,MASTERCARD,12623307,2635293900320,directo
2022-05,credito,OTRAS,663616,153951623318,directo
2022-05,credito,VISA,15518021,3019597530891,directo
2022-05,debito,MASTERCARD,,5608226886046,estimado_tii
2022-05,debito,VISA,,2517595431514,estimado_tii
2022-06,credito,AMEX,1085853,225581873547,directo
2022-06,credito,DINERS,294255,109606589511,directo
2022-06,credito,MASTERCARD,12323748,2825532818937,directo
2022-06,credito,OTRAS,678495,175035536803,directo
2022-06,credito,VISA,14851988,3125012378306,directo
2022-06,debito,MASTERCARD,,5869667616764,estimado_tii
2022-06,debito,VISA,,2546632948344,estimado_tii
2022-07,credito,AMEX,980499,190413716012,directo
2022-07,credito,DINERS,267915,78909122059,directo
2022-07,credito,MASTERCARD,11893703,2547140372337,directo
2022-07,credito,OTRAS,630495,149639878318,directo
2022-07,credito,VISA,13728972,2715368515980,directo
2022-07,debito,MASTERCARD,,6111500366410,estimado_tii
2022-07,debito,VISA,,2713828480226,estimado_tii
2022-08,credito,AMEX,1146603,222031935005,directo
2022-08,credito,DINERS,282960,101179996087,directo
2022-08,credito,MASTERCARD,13172798,2812003556543,directo
2022-08,credito,OTRAS,623814,143884114125,directo
2022-08,credito,VISA,16320066,3196192645329,directo
2022-08,debito,MASTERCARD,,5847716950712,estimado_tii
2022-08,debito,VISA,,2525365122366,estimado_tii
2022-09,credito,AMEX,1064061,207263001496,directo
2022-09,credito,DINERS,274031,94248684612,directo
2022-09,credito,MASTERCARD,12877032,2686510258830,directo
2022-09,credito,OTRAS,612354,136054756567,directo
2022-09,credito,VISA,15595401,3003025151365,directo
2022-09,debito,MASTERCARD,,5757113443654,estimado_tii
2022-09,debito,VISA,,2502184970394,estimado_tii
2022-10,credito,AMEX,1088157,206619659920,directo
2022-10,credito,DINERS,277212,96079622947,directo
2022-10,credito,MASTERCARD,13592465,2775103925977,directo
2022-10,credito,OTRAS,591492,130953937518,directo
2022-10,credito,VISA,16461899,3054147997133,directo
2022-10,debito,MASTERCARD,,6095587836341,estimado_tii
2022-10,debito,VISA,,2532568639510,estimado_tii
2022-11,credito,AMEX,1095802,220576768460,directo
2022-11,credito,DINERS,289780,107763903077,directo
2022-11,credito,MASTERCARD,13865266,2981218676428,directo
2022-11,credito,OTRAS,564312,128815644518,directo
2022-11,credito,VISA,16792024,3265466738693,directo
2022-11,debito,MASTERCARD,,6152988223005,estimado_tii
2022-11,debito,VISA,,1840331354842,estimado_tii
2022-12,credito,AMEX,1144265,250080769167,directo
2022-12,credito,DINERS,288874,98084308960,directo
2022-12,credito,MASTERCARD,14589627,3311224216513,directo
2022-12,credito,OTRAS,650477,150049823600,directo
2022-12,credito,VISA,17242528,3622554468586,directo
2022-12,debito,MASTERCARD,,8737820038072,estimado_tii
2022-12,debito,VISA,,2884625104234,estimado_tii
2023-01,credito,AMEX,1042777,211392330574,directo
2023-01,credito,DINERS,255389,89187609379,directo
2023-01,credito,MASTERCARD,13218050,2712586917578,directo
2023-01,credito,OTRAS,518903,110225889962,directo
2023-01,credito,VISA,16395382,3197471342450,directo
2023-01,debito,MASTERCARD,,6264583348325,estimado_tii
2023-01,debito,VISA,,1999372213801,estimado_tii
2023-02,credito,AMEX,1014381,201923715359,directo
2023-02,credito,DINERS,239589,91343366503,directo
2023-02,credito,MASTERCARD,12225835,2541085473141,directo
2023-02,credito,OTRAS,506222,113039557219,directo
2023-02,credito,VISA,15387058,2987532695038,directo
2023-02,debito,MASTERCARD,,5593969984141,estimado_tii
2023-02,debito,VISA,,1729702846963,estimado_tii
2023-03,credito,AMEX,1109677,216903449188,directo
2023-03,credito,DINERS,268013,105093645787,directo
2023-03,credito,MASTERCARD,13519329,2833979815075,directo
2023-03,credito,OTRAS,528514,113658377356,directo
2023-03,credito,VISA,17118357,3278311886165,directo
2023-03,debito,MASTERCARD,,6269900048210,estimado_tii
2023-03,debito,VISA,,1856530250419,estimado_tii
2023-04,credito,AMEX,1028059,196860260074,directo
2023-04,credito,DINERS,226630,79278180762,directo
2023-04,credito,MASTERCARD,12557071,2553792026550,directo
2023-04,credito,OTRAS,476959,102301311844,directo
2023-04,credito,VISA,15933545,2998189734784,directo
2023-04,debito,MASTERCARD,,6030666426924,estimado_tii
2023-04,debito,VISA,,1752056890034,estimado_tii
2023-05,credito,AMEX,1263499,243038606040,directo
2023-05,credito,DINERS,277216,112936048229,directo
2023-05,credito,MASTERCARD,14383250,2979282494363,directo
2023-05,credito,OTRAS,497927,105995190453,directo
2023-05,credito,VISA,18788221,3536747639683,directo
2023-05,debito,MASTERCARD,,6236177221058,estimado_tii
2023-05,debito,VISA,,1986258824078,estimado_tii
2023-06,credito,AMEX,1135520,227121548447,directo
2023-06,credito,DINERS,251089,93455246190,directo
2023-06,credito,MASTERCARD,14038449,2917265704990,directo
2023-06,credito,OTRAS,480305,102484064964,directo
2023-06,credito,VISA,17527812,3383248344013,directo
2023-06,debito,MASTERCARD,,6590441860966,estimado_tii
2023-06,debito,VISA,,2051959570857,estimado_tii
2023-07,credito,AMEX,1160444,224765896696,directo
2023-07,credito,DINERS,250139,86508335434,directo
2023-07,credito,MASTERCARD,14057915,2891382236479,directo
2023-07,credito,OTRAS,458187,101154510726,directo
2023-07,credito,VISA,17954127,3400233403672,directo
2023-07,debito,MASTERCARD,,6933935147301,estimado_tii
2023-07,debito,VISA,,2360228322620,estimado_tii
2023-08,credito,AMEX,1172017,224905624625,directo
2023-08,credito,DINERS,250682,97162875559,directo
2023-08,credito,MASTERCARD,14012365,2889343890548,directo
2023-08,credito,OTRAS,458603,99386223873,directo
2023-08,credito,VISA,19502029,3538917582551,directo
2023-08,debito,MASTERCARD,,6449775718690,estimado_tii
2023-08,debito,VISA,,2002605974056,estimado_tii
2023-09,credito,AMEX,1113612,212745554518,directo
2023-09,credito,DINERS,258882,93292822123,directo
2023-09,credito,MASTERCARD,13741312,2811951985558,directo
2023-09,credito,OTRAS,395447,82414807537,directo
2023-09,credito,VISA,19524096,3491052418325,directo
2023-09,debito,MASTERCARD,,6458209857596,estimado_tii
2023-09,debito,VISA,,1889884277773,estimado_tii
2023-10,credito,AMEX,1218462,227596758265,directo
2023-10,credito,DINERS,257279,96860048410,directo
2023-10,credito,MASTERCARD,14573682,2966171833900,directo
2023-10,credito,OTRAS,427348,85685665291,directo
2023-10,credito,VISA,20809479,3680438328502,directo
2023-10,debito,MASTERCARD,,6521402403463,estimado_tii
2023-10,debito,VISA,,1998377395003,estimado_tii
2023-11,credito,AMEX,1226144,246657738972,directo
2023-11,credito,DINERS,272963,107506069444,directo
2023-11,credito,MASTERCARD,14942133,3256892123721,directo
2023-11,credito,OTRAS,398056,88192416258,directo
2023-11,credito,VISA,20870692,3955445819609,directo
2023-11,debito,MASTERCARD,,6822222842188,estimado_tii
2023-11,debito,VISA,,2062506651991,estimado_tii
2023-12,credito,AMEX,1184636,245116472958,directo
2023-12,credito,DINERS,275857,102964762636,directo
2023-12,credito,MASTERCARD,14837208,3270506781217,directo
2023-12,credito,OTRAS,391173,89024568862,directo
2023-12,credito,VISA,20942627,4059431869475,directo
2023-12,debito,MASTERCARD,,9421395499370,estimado_tii
2023-12,debito,VISA,,3090763967213,estimado_tii
2024-01,credito,AMEX,1181392,231316594345,directo
2024-01,credito,DINERS,238662,89857019542,directo
2024-01,credito,MASTERCARD,13894648,2846820954433,directo
2024-01,credito,OTRAS,306775,65626850040,directo
2024-01,credito,VISA,20274477,3664389728052,directo
2024-01,debito,MASTERCARD,,6714167252525,estimado_tii
2024-01,debito,VISA,,2177486138658,estimado_tii
2024-02,credito,AMEX,1055304,200791989426,directo
2024-02,credito,DINERS,230004,90076569562,directo
2024-02,credito,MASTERCARD,13257424,2675880686672,directo
2024-02,credito,OTRAS,304131,65746168723,directo
2024-02,credito,VISA,19104982,3386245988834,directo
2024-02,debito,MASTERCARD,,6185654790311,estimado_tii
2024-02,debito,VISA,,1854552541415,estimado_tii
2024-03,credito,AMEX,1007020,194708717442,directo
2024-03,credito,DINERS,237939,89790637941,directo
2024-03,credito,MASTERCARD,13344572,2693454652691,directo
2024-03,credito,OTRAS,321858,70696142790,directo
2024-03,credito,VISA,19112094,3353509356209,directo
2024-03,debito,MASTERCARD,,6916074256467,estimado_tii
2024-03,debito,VISA,,2032622081642,estimado_tii
2024-04,credito,AMEX,1234931,233757284589,directo
2024-04,credito,DINERS,241916,97507917343,directo
2024-04,credito,MASTERCARD,14914454,2977721140183,directo
2024-04,credito,OTRAS,316903,68101655192,directo
2024-04,credito,VISA,21494472,3742173187969,directo
2024-04,debito,MASTERCARD,,6484418486738,estimado_tii
2024-04,debito,VISA,,1982050583880,estimado_tii
2024-05,credito,AMEX,1182455,225768597926,directo
2024-05,credito,DINERS,236481,89506891121,directo
2024-05,credito,MASTERCARD,14778456,2919086000318,directo
2024-05,credito,OTRAS,332352,71474746841,directo
2024-05,credito,VISA,21057579,3653802273878,directo
2024-05,debito,MASTERCARD,,6901347871755,estimado_tii
2024-05,debito,VISA,,1979263172046,estimado_tii
2024-06,credito,AMEX,1090642,213764466145,directo
2024-06,credito,DINERS,224968,85356814744,directo
2024-06,credito,MASTERCARD,13616719,2740883056828,directo
2024-06,credito,OTRAS,307743,67633953390,directo
2024-06,credito,VISA,19343373,3421747624745,directo
2024-06,debito,MASTERCARD,,7380889454583,estimado_tii
2024-06,debito,VISA,,2066987844562,estimado_tii
2024-07,credito,AMEX,1240889,241682250682,directo
2024-07,credito,DINERS,233747,90766169421,directo
2024-07,credito,MASTERCARD,14904704,3023268542067,directo
2024-07,credito,OTRAS,314851,68096470235,directo
2024-07,credito,VISA,21490516,3799969035871,directo
2024-07,debito,MASTERCARD,,7377390130357,estimado_tii
2024-07,debito,VISA,,2376110029029,estimado_tii
2024-08,credito,AMEX,1160581,220520928027,directo
2024-08,credito,DINERS,226548,78555721496,directo
2024-08,credito,MASTERCARD,14372383,2842783092657,directo
2024-08,credito,OTRAS,328695,74341660509,directo
2024-08,credito,VISA,20713853,3563460638436,directo
2024-08,debito,MASTERCARD,,7375890406840,estimado_tii
2024-08,debito,VISA,,2020523128764,estimado_tii
2024-09,credito,AMEX,1221101,237536667380,directo
2024-09,credito,DINERS,232248,89632192292,directo
2024-09,credito,MASTERCARD,14777668,2899418531398,directo
2024-09,credito,OTRAS,317468,66106893911,directo
2024-09,credito,VISA,21272325,3673494018200,directo
2024-09,debito,MASTERCARD,,7126041615333,estimado_tii
2024-09,debito,VISA,,2001597371573,estimado_tii
2024-10,credito,AMEX,1197378,231122962987,directo
2024-10,credito,DINERS,245863,101946421060,directo
2024-10,credito,MASTERCARD,15225528,2996854282520,directo
2024-10,credito,OTRAS,317327,65791312385,directo
2024-10,credito,VISA,21837327,3799281446554,directo
2024-10,debito,MASTERCARD,,7408684140377,estimado_tii
2024-10,debito,VISA,,2113882175170,estimado_tii
2024-11,credito,AMEX,1154503,230810400870,directo
2024-11,credito,DINERS,239132,92207592142,directo
2024-11,credito,MASTERCARD,19478511,3692054014034,directo
2024-11,credito,OTRAS,314406,65224766112,directo
2024-11,credito,VISA,21370905,3837487121453,directo
2024-11,debito,MASTERCARD,,8037690973436,estimado_tii
2024-11,debito,VISA,,2103478494854,estimado_tii
2024-12,credito,AMEX,1356638,303045346085,directo
2024-12,credito,DINERS,250022,97579838315,directo
2024-12,credito,MASTERCARD,21002191,4277579859821,directo
2024-12,credito,OTRAS,348310,81892268177,directo
2024-12,credito,VISA,23213625,4574521782726,directo
2024-12,debito,MASTERCARD,,11040978213105,estimado_tii
2024-12,debito,VISA,,3383944242069,estimado_tii
2025-01,credito,AMEX,1154061,232045375249,directo
2025-01,credito,DINERS,210878,76226393560,directo
2025-01,credito,MASTERCARD,18356256,3421413802595,directo
2025-01,credito,OTRAS,270949,59067504492,directo
2025-01,credito,VISA,20614977,3741069273556,directo
2025-01,debito,MASTERCARD,,7521578442895,estimado_tii
2025-01,debito,VISA,,2693948246710,estimado_tii
2025-02,credito,AMEX,1099482,219616268481,directo
2025-02,credito,DINERS,207441,84902521250,directo
2025-02,credito,MASTERCARD,18038172,3309545209878,directo
2025-02,credito,OTRAS,261099,57828991925,directo
2025-02,credito,VISA,19873694,3536017157005,directo
2025-02,debito,MASTERCARD,,6749382108930,estimado_tii
2025-02,debito,VISA,,2449405808111,estimado_tii
2025-03,credito,AMEX,1264327,250532659709,directo
2025-03,credito,DINERS,238567,101063002267,directo
2025-03,credito,MASTERCARD,20821119,3789973806001,directo
2025-03,credito,OTRAS,290870,64204742374,directo
2025-03,credito,VISA,22679760,4087479950801,directo
2025-03,debito,MASTERCARD,,7703569070445,estimado_tii
2025-03,debito,VISA,,2747370159102,estimado_tii
2025-04,credito,AMEX,1199474,240342683435,directo
2025-04,credito,DINERS,233180,104393941484,directo
2025-04,credito,MASTERCARD,19935351,3583527401297,directo
2025-04,credito,OTRAS,275617,61861219823,directo
2025-04,credito,VISA,22081733,3904827292236,directo
2025-04,debito,MASTERCARD,,7229665048375,estimado_tii
2025-04,debito,VISA,,2557898559320,estimado_tii
2025-05,credito,AMEX,1289443,258690195279,directo
2025-05,credito,DINERS,223981,80390073668,directo
2025-05,credito,MASTERCARD,21454184,3906596480252,directo
2025-05,credito,OTRAS,290140,64944496526,directo
2025-05,credito,VISA,23211190,4143007736508,directo
2025-05,debito,MASTERCARD,,7905719040532,estimado_tii
2025-05,debito,VISA,,2717585658620,estimado_tii
2025-06,credito,AMEX,1227212,252046250410,directo
2025-06,credito,DINERS,217100,90206325540,directo
2025-06,credito,MASTERCARD,20453653,3730856488440,directo
2025-06,credito,OTRAS,263368,60466885797,directo
2025-06,credito,VISA,21830321,3918792311931,directo
2025-06,debito,MASTERCARD,,8173674310058,estimado_tii
2025-06,debito,VISA,,2774989286693,estimado_tii
2025-07,credito,AMEX,1487987,305717640327,directo
2025-07,credito,DINERS,227991,95705121715,directo
2025-07,credito,MASTERCARD,23047249,4292786769843,directo
2025-07,credito,OTRAS,271227,61798695744,directo
2025-07,credito,VISA,25206849,4564786209252,directo
2025-07,debito,MASTERCARD,,8239781361391,estimado_tii
2025-07,debito,VISA,,3189139756373,estimado_tii
2025-08,credito,AMEX,1294617,254273972414,directo
2025-08,credito,DINERS,214468,71469762744,directo
2025-08,credito,MASTERCARD,22029375,3889836954717,directo
2025-08,credito,OTRAS,278853,68656685925,directo
2025-08,credito,VISA,23151862,3979080143094,directo
2025-08,debito,MASTERCARD,,8280193479876,estimado_tii
2025-08,debito,VISA,,2751660465324,estimado_tii
2025-09,credito,AMEX,1475881,291125302544,directo
2025-09,credito,DINERS,222436,93409536352,directo
2025-09,credito,MASTERCARD,23459708,4085235146989,directo
2025-09,credito,OTRAS,277709,64416659515,directo
2025-09,credito,VISA,25440348,4375601004353,directo
2025-09,debito,MASTERCARD,,7722632483661,estimado_tii
2025-09,debito,VISA,,2786574237680,estimado_tii
2025-10,credito,AMEX,1460530,284392719222,directo
2025-10,credito,DINERS,226671,90295337709,directo
2025-10,credito,MASTERCARD,23707462,4121245991820,directo
2025-10,credito,OTRAS,275860,64686729753,directo
2025-10,credito,VISA,25361809,4353177063767,directo
2025-10,debito,MASTERCARD,,8293513048502,estimado_tii
2025-10,debito,VISA,,2826071108124,estimado_tii
2025-11,credito,AMEX,1402674,281627229581,directo
2025-11,credito,DINERS,229495,97486911614,directo
2025-11,credito,MASTERCARD,23655722,4337247680688,directo
2025-11,credito,OTRAS,268668,69360442236,directo
2025-11,credito,VISA,24949396,4475590329578,directo
2025-11,debito,MASTERCARD,,8993621972003,estimado_tii
2025-11,debito,VISA,,2899728850870,estimado_tii
2025-12,credito,AMEX,1732904,386429274511,directo
2025-12,credito,DINERS,232297,101960193650,directo
2025-12,credito,MASTERCARD,26374288,5204237107938,directo
2025-12,credito,OTRAS,274944,74190085820,directo
2025-12,credito,VISA,28228416,5486386300481,directo
2025-12,debito,MASTERCARD,,11897090930236,estimado_tii
2025-12,debito,VISA,,4299509424127,estimado_tii
2026-01,credito,AMEX,1366450,276928874869,directo
2026-01,credito,DINERS,188662,69866966152,directo
2026-01,credito,MASTERCARD,22398610,4017766011609,directo
2026-01,credito,OTRAS,208905,58364460092,directo
2026-01,credito,VISA,24209919,4371739077467,directo
2026-01,debito,MASTERCARD,,8792256545987,estimado_tii
2026-01,debito,VISA,,2937075842863,estimado_tii
2026-02,credito,AMEX,1285362,256758746066,directo
2026-02,credito,DINERS,187981,83460836842,directo
2026-02,credito,MASTERCARD,22300304,3947372729311,directo
2026-02,credito,OTRAS,200045,60549756728,directo
2026-02,credito,VISA,23649814,4156914476315,directo
2026-02,debito,MASTERCARD,,7958294298780,estimado_tii
2026-02,debito,VISA,,2611266453634,estimado_tii
2026-03,credito,AMEX,1626257,323879296064,directo
2026-03,credito,DINERS,207644,89558194711,directo
2026-03,credito,MASTERCARD,25895029,4573052523023,directo
2026-03,credito,OTRAS,220709,70834433875,directo
2026-03,credito,VISA,28033259,4924461704819,directo
2026-03,debito,MASTERCARD,,8979893120114,estimado_tii
2026-03,debito,VISA,,3091311457968,estimado_tii
2026-04,credito,AMEX,1457726,285613405266,directo
2026-04,credito,DINERS,200525,86997984165,directo
2026-04,credito,MASTERCARD,25221341,4405023811524,directo
2026-04,credito,OTRAS,209875,64568197649,directo
2026-04,credito,VISA,26205078,4665879686710,directo
2026-04,debito,MASTERCARD,,8506992930927,estimado_tii
2026-04,debito,VISA,,2799768729182,estimado_tii
2026-05,credito,AMEX,1474130,291251289069,directo
2026-05,credito,DINERS,213067,87967944087,directo
2026-05,credito,MASTERCARD,27033288,4638549456983,directo
2026-05,credito,OTRAS,219957,63743652126,directo
2026-05,credito,VISA,27265557,4819936264609,directo
2026-05,debito,MASTERCARD,,9246584625240,estimado_tii
2026-05,debito,VISA,,2942860446921,estimado_tii
2026-06,credito,AMEX,1603676,317480115626,directo
2026-06,credito,DINERS,196392,85564634250,directo
2026-06,credito,MASTERCARD,27400669,4829446102078,directo
2026-06,credito,OTRAS,199741,55780587144,directo
2026-06,credito,VISA,27968427,5007552991138,directo
2026-06,debito,MASTERCARD,,9093729446323,estimado_tii
2026-06,debito,VISA,,3186379407501,estimado_tii
2026-07,credito,AMEX,1552421,306780999760,directo
2026-07,credito,DINERS,195835,74798367060,directo
2026-07,credito,MASTERCARD,27987983,4835982887711,directo
2026-07,credito,OTRAS,196409,61860479925,directo
2026-07,credito,VISA,27871981,5039538641575,directo
2026-07,debito,MASTERCARD,,9380513305125,estimado_tii
2026-07,debito,VISA,,3273484750402,estimado_tii
