mes,franquicia,emisor,compras_num,compras_cop
2024-01,MASTERCARD,BANCO BILBAO VIZCAYA ARGENTARIA COLOMBIA S.A. BBVA COLOMBIA,537084,99112725248
2024-01,MASTERCARD,BANCO CAJA SOCIAL S.A.,98059,18421552110
2024-01,MASTERCARD,BANCO COMERCIAL AV VILLAS S.A.,313344,88238757262
2024-01,MASTERCARD,BANCO COOMEVA S.A.,67024,11301313925
2024-01,MASTERCARD,BANCO DAVIVIENDA S.A.,985147,223347176694
2024-01,MASTERCARD,BANCO DE BOGOTA S. A.,490293,84317317934
2024-01,MASTERCARD,BANCO DE OCCIDENTE S.A.,442835,106821507350
2024-01,MASTERCARD,BANCO FALABELLA S.A.,3196157,588410796748
2024-01,MASTERCARD,BANCO GNB SUDAMERIS S.A.,14261,2813082956
2024-01,MASTERCARD,BANCO POPULAR S.A.,73246,11423020764
2024-01,MASTERCARD,BANCO SERFINANZA S.A.,505536,101709281960
2024-01,MASTERCARD,BANCO UNIÓN S.A.,3269,601181045
2024-01,MASTERCARD,BANCO W S.A.,133,29137497
2024-01,MASTERCARD,BANCOLOMBIA S.A.,4141196,896515110759
2024-01,MASTERCARD,CONFIAR COOPERATIVA FINANCIERA,13031,2130801013
2024-01,MASTERCARD,ITAU CORPBANCA COLOMBIA S.A.,494375,84493983343
2024-01,MASTERCARD,SCOTIABANK COLPATRIA S.A.,1096544,209946393652
2024-01,MASTERCARD,TUYA S.A C.F,1423114,317187814173
2024-01,VISA,BANCO AGRARIO DE COLOMBIA S.A.,78555,32052434558
2024-01,VISA,BANCO BILBAO VIZCAYA ARGENTARIA COLOMBIA S.A. BBVA COLOMBIA,1714703,322032435264
2024-01,VISA,BANCO CAJA SOCIAL S.A.,255226,45465091787
2024-01,VISA,BANCO COMERCIAL AV VILLAS S.A.,164507,31523134764
2024-01,VISA,BANCO COOMEVA S.A.,49207,9262942642
2024-01,VISA,BANCO COOPERATIVO COOPCENTRAL S.A.,13941,2581768408
2024-01,VISA,BANCO DAVIVIENDA S.A.,5788150,948199364072
2024-01,VISA,BANCO DE BOGOTA S. A.,2463370,449186813501
2024-01,VISA,BANCO DE OCCIDENTE S.A.,576613,110676302803
2024-01,VISA,BANCO FINANDINA S.A.,125142,25217533341
2024-01,VISA,BANCO GNB SUDAMERIS S.A.,66370,17260448144
2024-01,VISA,BANCO PICHINCHA S.A.,14192,3236242288
2024-01,VISA,BANCO POPULAR S.A.,183066,31168863462
2024-01,VISA,BANCO PROCREDIT COLOMBIA S.A.,11388,1785251361
2024-01,VISA,BANCOLOMBIA S.A.,3752012,751436961605
2024-01,VISA,CITIBANK - COLOMBIA S.A.,44748,17853028231
2024-01,VISA,COLTEFINANCIERA S.A C.F,1971,501672211
2024-01,VISA,FINANCIERA JURISCOOP C.F.,9318,1553487815
2024-01,VISA,ITAU CORPBANCA COLOMBIA S.A.,651402,115691390149
2024-01,VISA,SCOTIABANK COLPATRIA S.A.,4310596,747704561646
2024-02,MASTERCARD,BANCO BILBAO VIZCAYA ARGENTARIA COLOMBIA S.A. BBVA COLOMBIA,485369,84621988432
2024-02,MASTERCARD,BANCO CAJA SOCIAL S.A.,94347,17748152482
2024-02,MASTERCARD,BANCO COMERCIAL AV VILLAS S.A.,284400,87754423654
2024-02,MASTERCARD,BANCO COOMEVA S.A.,64673,11013589247
2024-02,MASTERCARD,BANCO DAVIVIENDA S.A.,979069,215312609829
2024-02,MASTERCARD,BANCO DE BOGOTA S. A.,445255,74010647241
2024-02,MASTERCARD,BANCO DE OCCIDENTE S.A.,432465,96365514650
2024-02,MASTERCARD,BANCO FALABELLA S.A.,3101353,556753710255
2024-02,MASTERCARD,BANCO GNB SUDAMERIS S.A.,13581,2692546861
2024-02,MASTERCARD,BANCO POPULAR S.A.,63503,9651032163
2024-02,MASTERCARD,BANCO SERFINANZA S.A.,485596,95206428168
2024-02,MASTERCARD,BANCO UNIÓN S.A.,3135,597539898
2024-02,MASTERCARD,BANCO W S.A.,125,33326615
2024-02,MASTERCARD,BANCOLOMBIA S.A.,3899606,822671312783
2024-02,MASTERCARD,CONFIAR COOPERATIVA FINANCIERA,12574,1962214491
2024-02,MASTERCARD,ITAU CORPBANCA COLOMBIA S.A.,490995,85042086444
2024-02,MASTERCARD,SCOTIABANK COLPATRIA S.A.,1036363,190382095069
2024-02,MASTERCARD,TUYA S.A C.F,1365015,324061468389
2024-02,VISA,BANCO AGRARIO DE COLOMBIA S.A.,75940,31372899169
2024-02,VISA,BANCO BILBAO VIZCAYA ARGENTARIA COLOMBIA S.A. BBVA COLOMBIA,1538838,276928619759
2024-02,VISA,BANCO CAJA SOCIAL S.A.,247590,43792518575
2024-02,VISA,BANCO COMERCIAL AV VILLAS S.A.,150399,29163729621
2024-02,VISA,BANCO COOMEVA S.A.,48338,8818966430
2024-02,VISA,BANCO COOPERATIVO COOPCENTRAL S.A.,13514,2623545612
2024-02,VISA,BANCO DAVIVIENDA S.A.,5728874,898446947554
2024-02,VISA,BANCO DE BOGOTA S. A.,2254455,421954322531
2024-02,VISA,BANCO DE OCCIDENTE S.A.,527495,98763923195
2024-02,VISA,BANCO FINANDINA S.A.,115698,22994443043
2024-02,VISA,BANCO GNB SUDAMERIS S.A.,65749,18049200003
2024-02,VISA,BANCO PICHINCHA S.A.,12659,2835570566
2024-02,VISA,BANCO POPULAR S.A.,156887,26224194264
2024-02,VISA,BANCO PROCREDIT COLOMBIA S.A.,13396,2017529802
2024-02,VISA,BANCOLOMBIA S.A.,3549134,696011467297
2024-02,VISA,CITIBANK - COLOMBIA S.A.,75102,27549639689
2024-02,VISA,COLTEFINANCIERA S.A C.F,1980,642573576
2024-02,VISA,FINANCIERA JURISCOOP C.F.,8893,1425001464
2024-02,VISA,ITAU CORPBANCA COLOMBIA S.A.,604154,109989969043
2024-02,VISA,SCOTIABANK COLPATRIA S.A.,3915887,666640927642
2024-03,MASTERCARD,BANCO BILBAO VIZCAYA ARGENTARIA COLOMBIA S.A. BBVA COLOMBIA,475817,84235501647
2024-03,MASTERCARD,BANCO CAJA SOCIAL S.A.,102027,18290536816
2024-03,MASTERCARD,BANCO COMERCIAL AV VILLAS S.A.,272949,77096849678
2024-03,MASTERCARD,BANCO COOMEVA S.A.,69987,11403191851
2024-03,MASTERCARD,BANCO DAVIVIENDA S.A.,1040165,221154189589
2024-03,MASTERCARD,BANCO DE BOGOTA S. A.,427710,70293893943
2024-03,MASTERCARD,BANCO DE OCCIDENTE S.A.,395531,93854367428
2024-03,MASTERCARD,BANCO FALABELLA S.A.,3374604,607458025341
2024-03,MASTERCARD,BANCO GNB SUDAMERIS S.A.,12540,2762878447
2024-03,MASTERCARD,BANCO POPULAR S.A.,60785,9272684537
2024-03,MASTERCARD,BANCO SERFINANZA S.A.,497807,97373142053
2024-03,MASTERCARD,BANCO UNIÓN S.A.,3324,592456736
2024-03,MASTERCARD,BANCO W S.A.,185,38651821
2024-03,MASTERCARD,BANCOLOMBIA S.A.,3741573,801753139400
2024-03,MASTERCARD,CONFIAR COOPERATIVA FINANCIERA,13277,2113820103
2024-03,MASTERCARD,ITAU CORPBANCA COLOMBIA S.A.,524060,88176321520
2024-03,MASTERCARD,SCOTIABANK COLPATRIA S.A.,1023275,190862134092
2024-03,MASTERCARD,TUYA S.A C.F,1308956,316722867689
2024-03,VISA,BANCO AGRARIO DE COLOMBIA S.A.,67706,25428959549
2024-03,VISA,BANCO BILBAO VIZCAYA ARGENTARIA COLOMBIA S.A. BBVA COLOMBIA,1481410,266578938505
2024-03,VISA,BANCO CAJA SOCIAL S.A.,270099,46364162475
2024-03,VISA,BANCO COMERCIAL AV VILLAS S.A.,146421,28229431302
2024-03,VISA,BANCO COOMEVA S.A.,52947,9296245628
2024-03,VISA,BANCO COOPERATIVO COOPCENTRAL S.A.,14433,2800721550
2024-03,VISA,BANCO DAVIVIENDA S.A.,6157946,956400232931
2024-03,VISA,BANCO DE BOGOTA S. A.,2128858,389385975385
2024-03,VISA,BANCO DE OCCIDENTE S.A.,516464,98878700988
2024-03,VISA,BANCO FINANDINA S.A.,125449,24033354892
2024-03,VISA,BANCO GNB SUDAMERIS S.A.,61670,16553320647
2024-03,VISA,BANCO PICHINCHA S.A.,11593,2452937197
2024-03,VISA,BANCO POPULAR S.A.,157487,25581065095
2024-03,VISA,BANCO PROCREDIT COLOMBIA S.A.,17445,2797633138
2024-03,VISA,BANCOLOMBIA S.A.,3395101,671165334006
2024-03,VISA,CITIBANK - COLOMBIA S.A.,78269,28689888061
2024-03,VISA,COLTEFINANCIERA S.A C.F,2273,560037181
2024-03,VISA,FINANCIERA JURISCOOP C.F.,10300,1666958732
2024-03,VISA,ITAU CORPBANCA COLOMBIA S.A.,611018,114161081426
2024-03,VISA,SCOTIABANK COLPATRIA S.A.,3805205,642484377521
2024-04,MASTERCARD,BANCO BILBAO VIZCAYA ARGENTARIA COLOMBIA S.A. BBVA COLOMBIA,594556,102157904266
2024-04,MASTERCARD,BANCO CAJA SOCIAL S.A.,99552,17612027792
2024-04,MASTERCARD,BANCO COMERCIAL AV VILLAS S.A.,343677,96160323273
2024-04,MASTERCARD,BANCO COOMEVA S.A.,69587,11610515451
2024-04,MASTERCARD,BANCO DAVIVIENDA S.A.,1049950,228121033285
2024-04,MASTERCARD,BANCO DE BOGOTA S. A.,516374,83221714159
2024-04,MASTERCARD,BANCO DE OCCIDENTE S.A.,511434,116023577591
2024-04,MASTERCARD,BANCO FALABELLA S.A.,3297521,605493535317
2024-04,MASTERCARD,BANCO GNB SUDAMERIS S.A.,14010,3044179439
2024-04,MASTERCARD,BANCO POPULAR S.A.,74682,11234231819
2024-04,MASTERCARD,BANCO SERFINANZA S.A.,512207,101550276026
2024-04,MASTERCARD,BANCO UNIÓN S.A.,3097,598562017
2024-04,MASTERCARD,BANCO W S.A.,205,44733431
2024-04,MASTERCARD,BANCOLOMBIA S.A.,4580634,968604496568
2024-04,MASTERCARD,CONFIAR COOPERATIVA FINANCIERA,13111,2100265892
2024-04,MASTERCARD,ITAU CORPBANCA COLOMBIA S.A.,524276,86539837297
2024-04,MASTERCARD,SCOTIABANK COLPATRIA S.A.,1219099,223926279485
2024-04,MASTERCARD,TUYA S.A C.F,1490482,319677647074
2024-04,VISA,BANCO AGRARIO DE COLOMBIA S.A.,79156,28673134809
2024-04,VISA,BANCO BILBAO VIZCAYA ARGENTARIA COLOMBIA S.A. BBVA COLOMBIA,1807816,314765106720
2024-04,VISA,BANCO CAJA SOCIAL S.A.,267779,44894107006
2024-04,VISA,BANCO COMERCIAL AV VILLAS S.A.,182209,34121232634
2024-04,VISA,BANCO COOMEVA S.A.,52108,9137914197
2024-04,VISA,BANCO COOPERATIVO COOPCENTRAL S.A.,14153,2724871745
2024-04,VISA,BANCO DAVIVIENDA S.A.,6099878,943441140305
2024-04,VISA,BANCO DE BOGOTA S. A.,2527062,460084449118
2024-04,VISA,BANCO DE OCCIDENTE S.A.,638040,121106114327
2024-04,VISA,BANCO FINANDINA S.A.,123862,23437666652
2024-04,VISA,BANCO GNB SUDAMERIS S.A.,74745,19529591400
2024-04,VISA,BANCO PICHINCHA S.A.,13922,2956431560
2024-04,VISA,BANCO POPULAR S.A.,177165,29582423411
2024-04,VISA,BANCO PROCREDIT COLOMBIA S.A.,16537,2548422084
2024-04,VISA,BANCOLOMBIA S.A.,4149487,811889851228
2024-04,VISA,CITIBANK - COLOMBIA S.A.,80288,28582834358
2024-04,VISA,COLTEFINANCIERA S.A C.F,2092,503261387
2024-04,VISA,FINANCIERA JURISCOOP C.F.,10503,1732247696
2024-04,VISA,ITAU CORPBANCA COLOMBIA S.A.,580056,107947921744
2024-04,VISA,SCOTIABANK COLPATRIA S.A.,4597614,754514465588
2024-05,MASTERCARD,BANCO BILBAO VIZCAYA ARGENTARIA COLOMBIA S.A. BBVA COLOMBIA,588092,98748212984
2024-05,MASTERCARD,BANCO CAJA SOCIAL S.A.,105769,18779622158
2024-05,MASTERCARD,BANCO COMERCIAL AV VILLAS S.A.,321338,88778623123
2024-05,MASTERCARD,BANCO COOMEVA S.A.,73891,11605227527
2024-05,MASTERCARD,BANCO DAVIVIENDA S.A.,1112648,233874799918
2024-05,MASTERCARD,BANCO DE BOGOTA S. A.,490710,80273415050
2024-05,MASTERCARD,BANCO DE OCCIDENTE S.A.,519170,105604041428
2024-05,MASTERCARD,BANCO FALABELLA S.A.,3428306,626184493932
2024-05,MASTERCARD,BANCO GNB SUDAMERIS S.A.,13565,2882393030
2024-05,MASTERCARD,BANCO POPULAR S.A.,68347,10558319655
2024-05,MASTERCARD,BANCO SERFINANZA S.A.,521780,103462045264
2024-05,MASTERCARD,BANCO UNIÓN S.A.,3149,579740501
2024-05,MASTERCARD,BANCO W S.A.,240,46443591
2024-05,MASTERCARD,BANCOLOMBIA S.A.,4373351,931471592422
2024-05,MASTERCARD,CONFIAR COOPERATIVA FINANCIERA,13762,2167937444
2024-05,MASTERCARD,ITAU CORPBANCA COLOMBIA S.A.,544658,88921165579
2024-05,MASTERCARD,SCOTIABANK COLPATRIA S.A.,1223924,216481100438
2024-05,MASTERCARD,TUYA S.A C.F,1375756,298666826275
2024-05,VISA,BANCO AGRARIO DE COLOMBIA S.A.,70884,24790381043
2024-05,VISA,BANCO BILBAO VIZCAYA ARGENTARIA COLOMBIA S.A. BBVA COLOMBIA,1726182,304525314194
2024-05,VISA,BANCO CAJA SOCIAL S.A.,281506,47796443905
2024-05,VISA,BANCO COMERCIAL AV VILLAS S.A.,174806,32469203427
2024-05,VISA,BANCO COOMEVA S.A.,55084,9677399585
2024-05,VISA,BANCO COOPERATIVO COOPCENTRAL S.A.,14638,2800579799
2024-05,VISA,BANCO DAVIVIENDA S.A.,6356768,973206210104
2024-05,VISA,BANCO DE BOGOTA S. A.,2399110,442246221225
2024-05,VISA,BANCO DE OCCIDENTE S.A.,580442,112044842169
2024-05,VISA,BANCO FINANDINA S.A.,123612,24129547155
2024-05,VISA,BANCO GNB SUDAMERIS S.A.,70631,19662019042
2024-05,VISA,BANCO PICHINCHA S.A.,12961,2650330256
2024-05,VISA,BANCO POPULAR S.A.,167008,28508643362
2024-05,VISA,BANCO PROCREDIT COLOMBIA S.A.,15873,2541523426
2024-05,VISA,BANCOLOMBIA S.A.,3952137,775059487558
2024-05,VISA,CITIBANK - COLOMBIA S.A.,73905,26629854220
2024-05,VISA,COLTEFINANCIERA S.A C.F,2440,588560530
2024-05,VISA,FINANCIERA JURISCOOP C.F.,19920,2629954729
2024-05,VISA,ITAU CORPBANCA COLOMBIA S.A.,592746,109579311080
2024-05,VISA,SCOTIABANK COLPATRIA S.A.,4366926,712266447068
2024-06,MASTERCARD,BANCO BILBAO VIZCAYA ARGENTARIA COLOMBIA S.A. BBVA COLOMBIA,530051,95235215232
2024-06,MASTERCARD,BANCO CAJA SOCIAL S.A.,105033,19590911834
2024-06,MASTERCARD,BANCO COMERCIAL AV VILLAS S.A.,275682,73792360174
2024-06,MASTERCARD,BANCO COOMEVA S.A.,71951,11670591249
2024-06,MASTERCARD,BANCO DAVIVIENDA S.A.,1032592,221792089245
2024-06,MASTERCARD,BANCO DE BOGOTA S. A.,435465,73686977235
2024-06,MASTERCARD,BANCO DE OCCIDENTE S.A.,461024,94404589047
2024-06,MASTERCARD,BANCO FALABELLA S.A.,3302475,614719624492
2024-06,MASTERCARD,BANCO GNB SUDAMERIS S.A.,12395,2577563865
2024-06,MASTERCARD,BANCO POPULAR S.A.,65810,10286058410
2024-06,MASTERCARD,BANCO SERFINANZA S.A.,476556,98609908041
2024-06,MASTERCARD,BANCO UNIÓN S.A.,2804,533735631
2024-06,MASTERCARD,BANCO W S.A.,405,84745370
2024-06,MASTERCARD,BANCOLOMBIA S.A.,3948637,851053791461
2024-06,MASTERCARD,CONFIAR COOPERATIVA FINANCIERA,12647,2138909762
2024-06,MASTERCARD,ITAU CORPBANCA COLOMBIA S.A.,511522,89285665754
2024-06,MASTERCARD,SCOTIABANK COLPATRIA S.A.,1121111,198928613528
2024-06,MASTERCARD,TUYA S.A C.F,1250559,282491706498
2024-06,VISA,BANCO AGRARIO DE COLOMBIA S.A.,62752,22227588019
2024-06,VISA,BANCO BILBAO VIZCAYA ARGENTARIA COLOMBIA S.A. BBVA COLOMBIA,1580751,288292221402
2024-06,VISA,BANCO CAJA SOCIAL S.A.,274491,48699932040
2024-06,VISA,BANCO COMERCIAL AV VILLAS S.A.,158617,30252734583
2024-06,VISA,BANCO COOMEVA S.A.,52874,9400549700
2024-06,VISA,BANCO COOPERATIVO COOPCENTRAL S.A.,13568,2601084011
2024-06,VISA,BANCO DAVIVIENDA S.A.,5969234,942499589708
2024-06,VISA,BANCO DE BOGOTA S. A.,2127975,402798673433
2024-06,VISA,BANCO DE OCCIDENTE S.A.,541693,104140916752
2024-06,VISA,BANCO FINANDINA S.A.,115468,23217268280
2024-06,VISA,BANCO GNB SUDAMERIS S.A.,62487,17629825769
2024-06,VISA,BANCO PICHINCHA S.A.,11159,2326737154
2024-06,VISA,BANCO POPULAR S.A.,177913,27408235456
2024-06,VISA,BANCO PROCREDIT COLOMBIA S.A.,12691,2107252589
2024-06,VISA,BANCOLOMBIA S.A.,3569008,704606640844
2024-06,VISA,CITIBANK - COLOMBIA S.A.,81940,28273968253
2024-06,VISA,COLTEFINANCIERA S.A C.F,2012,433637954
2024-06,VISA,FINANCIERA JURISCOOP C.F.,11562,2120648703
2024-06,VISA,ITAU CORPBANCA COLOMBIA S.A.,552401,108429988741
2024-06,VISA,SCOTIABANK COLPATRIA S.A.,3964777,654280131354
2024-07,MASTERCARD,BANCO BILBAO VIZCAYA ARGENTARIA COLOMBIA S.A. BBVA COLOMBIA,606853,108410795247
2024-07,MASTERCARD,BANCO CAJA SOCIAL S.A.,102475,19324842817
2024-07,MASTERCARD,BANCO COMERCIAL AV VILLAS S.A.,313121,85649666133
2024-07,MASTERCARD,BANCO COOMEVA S.A.,70775,11739203338
2024-07,MASTERCARD,BANCO DAVIVIENDA S.A.,1109267,237281073049
2024-07,MASTERCARD,BANCO DE BOGOTA S. A.,489208,82617364474
2024-07,MASTERCARD,BANCO DE OCCIDENTE S.A.,457976,106727738618
2024-07,MASTERCARD,BANCO FALABELLA S.A.,3430715,636886146456
2024-07,MASTERCARD,BANCO GNB SUDAMERIS S.A.,14194,2868398184
2024-07,MASTERCARD,BANCO POPULAR S.A.,72080,11901448957
2024-07,MASTERCARD,BANCO SERFINANZA S.A.,478317,100264600227
2024-07,MASTERCARD,BANCO UNIÓN S.A.,3028,588497216
2024-07,MASTERCARD,BANCO W S.A.,708,151185125
2024-07,MASTERCARD,BANCOLOMBIA S.A.,4526437,953025224265
2024-07,MASTERCARD,CONFIAR COOPERATIVA FINANCIERA,10911,1868022337
2024-07,MASTERCARD,ITAU CORPBANCA COLOMBIA S.A.,517882,84789355106
2024-07,MASTERCARD,SCOTIABANK COLPATRIA S.A.,1270495,226706524767
2024-07,MASTERCARD,TUYA S.A C.F,1430262,352468455751
2024-07,VISA,BANCO AGRARIO DE COLOMBIA S.A.,76684,29412866996
2024-07,VISA,BANCO BILBAO VIZCAYA ARGENTARIA COLOMBIA S.A. BBVA COLOMBIA,1791980,328815526322
2024-07,VISA,BANCO CAJA SOCIAL S.A.,287030,50710873396
2024-07,VISA,BANCO COMERCIAL AV VILLAS S.A.,177244,35214160491
2024-07,VISA,BANCO COOMEVA S.A.,52629,9304743659
2024-07,VISA,BANCO COOPERATIVO COOPCENTRAL S.A.,413,94997870
2024-07,VISA,BANCO DAVIVIENDA S.A.,6315752,986112595708
2024-07,VISA,BANCO DE BOGOTA S. A.,2418318,466304163431
2024-07,VISA,BANCO DE OCCIDENTE S.A.,623216,120213005969
2024-07,VISA,BANCO FINANDINA S.A.,118886,23602490811
2024-07,VISA,BANCO GNB SUDAMERIS S.A.,72036,19153678695
2024-07,VISA,BANCO PICHINCHA S.A.,11934,2521146681
2024-07,VISA,BANCO POPULAR S.A.,183464,29975736215
2024-07,VISA,BANCO PROCREDIT COLOMBIA S.A.,13063,2188775558
2024-07,VISA,BANCOLOMBIA S.A.,4101973,803776094718
2024-07,VISA,CITIBANK - COLOMBIA S.A.,76895,25166283683
2024-07,VISA,COLTEFINANCIERA S.A C.F,2059,420497766
2024-07,VISA,FINANCIERA JURISCOOP C.F.,13994,2593326231
2024-07,VISA,ITAU CORPBANCA COLOMBIA S.A.,542844,103267015052
2024-07,VISA,SCOTIABANK COLPATRIA S.A.,4610102,761121056618
2024-08,MASTERCARD,BANCO BILBAO VIZCAYA ARGENTARIA COLOMBIA S.A. BBVA COLOMBIA,577781,99676914546
2024-08,MASTERCARD,BANCO CAJA SOCIAL S.A.,104468,19313835520
2024-08,MASTERCARD,BANCO COMERCIAL AV VILLAS S.A.,290794,77532314064
2024-08,MASTERCARD,BANCO COOMEVA S.A.,74503,11994496647
2024-08,MASTERCARD,BANCO DAVIVIENDA S.A.,1173891,241612308110
2024-08,MASTERCARD,BANCO DE BOGOTA S. A.,460655,74152607983
2024-08,MASTERCARD,BANCO DE OCCIDENTE S.A.,436315,97939506179
2024-08,MASTERCARD,BANCO FALABELLA S.A.,3423132,627004230861
2024-08,MASTERCARD,BANCO GNB SUDAMERIS S.A.,13928,2706074754
2024-08,MASTERCARD,BANCO POPULAR S.A.,68585,10395683813
2024-08,MASTERCARD,BANCO SERFINANZA S.A.,488138,99478941836
2024-08,MASTERCARD,BANCO UNIÓN S.A.,3003,524936719
2024-08,MASTERCARD,BANCO W S.A.,970,210998929
2024-08,MASTERCARD,BANCOLOMBIA S.A.,4267697,898907743780
2024-08,MASTERCARD,CONFIAR COOPERATIVA FINANCIERA,12811,2030173268
2024-08,MASTERCARD,ITAU CORPBANCA COLOMBIA S.A.,505517,82842760924
2024-08,MASTERCARD,SCOTIABANK COLPATRIA S.A.,1210368,213996940339
2024-08,MASTERCARD,TUYA S.A C.F,1259827,282462624386
2024-08,VISA,BANCO AGRARIO DE COLOMBIA S.A.,69856,25592309241
2024-08,VISA,BANCO BILBAO VIZCAYA ARGENTARIA COLOMBIA S.A. BBVA COLOMBIA,1713105,301021503844
2024-08,VISA,BANCO CAJA SOCIAL S.A.,292864,51492208306
2024-08,VISA,BANCO COMERCIAL AV VILLAS S.A.,168566,31658131132
2024-08,VISA,BANCO COOMEVA S.A.,52301,9147540149
2024-08,VISA,BANCO COOPERATIVO COOPCENTRAL S.A.,13896,2765590479
2024-08,VISA,BANCO DAVIVIENDA S.A.,6372271,977992574641
2024-08,VISA,BANCO DE BOGOTA S. A.,2299991,432320618576
2024-08,VISA,BANCO DE OCCIDENTE S.A.,640376,117839317060
2024-08,VISA,BANCO FINANDINA S.A.,121447,23249365052
2024-08,VISA,BANCO GNB SUDAMERIS S.A.,68640,18832821259
2024-08,VISA,BANCO PICHINCHA S.A.,10737,2340832789
2024-08,VISA,BANCO POPULAR S.A.,188523,28396193495
2024-08,VISA,BANCO PROCREDIT COLOMBIA S.A.,13877,2359416265
2024-08,VISA,BANCOLOMBIA S.A.,3861587,747839386488
2024-08,VISA,CITIBANK - COLOMBIA S.A.,75028,24992789765
2024-08,VISA,COLTEFINANCIERA S.A C.F,2091,450503571
2024-08,VISA,FINANCIERA JURISCOOP C.F.,15199,2658612175
2024-08,VISA,ITAU CORPBANCA COLOMBIA S.A.,532072,101356282213
2024-08,VISA,SCOTIABANK COLPATRIA S.A.,4201426,661154641936
2024-09,MASTERCARD,BANCO BILBAO VIZCAYA ARGENTARIA COLOMBIA S.A. BBVA COLOMBIA,610474,105040795951
2024-09,MASTERCARD,BANCO CAJA SOCIAL S.A.,103855,18763522654
2024-09,MASTERCARD,BANCO COMERCIAL AV VILLAS S.A.,305450,83413179579
2024-09,MASTERCARD,BANCO COOMEVA S.A.,71431,11124423763
2024-09,MASTERCARD,BANCO DAVIVIENDA S.A.,1152084,241032990118
2024-09,MASTERCARD,BANCO DE BOGOTA S. A.,474789,76684008941
2024-09,MASTERCARD,BANCO DE OCCIDENTE S.A.,451381,100908762714
2024-09,MASTERCARD,BANCO FALABELLA S.A.,3436696,614636335821
2024-09,MASTERCARD,BANCO GNB SUDAMERIS S.A.,14022,2792204521
2024-09,MASTERCARD,BANCO POPULAR S.A.,77277,11707185983
2024-09,MASTERCARD,BANCO SERFINANZA S.A.,473069,91660604004
2024-09,MASTERCARD,BANCO UNIÓN S.A.,2691,542742247
2024-09,MASTERCARD,BANCO W S.A.,1229,251178783
2024-09,MASTERCARD,BANCOLOMBIA S.A.,4524304,971926195231
2024-09,MASTERCARD,CONFIAR COOPERATIVA FINANCIERA,13864,2122985141
2024-09,MASTERCARD,ITAU CORPBANCA COLOMBIA S.A.,533166,87510524555
2024-09,MASTERCARD,SCOTIABANK COLPATRIA S.A.,1141274,172129797963
2024-09,MASTERCARD,TUYA S.A C.F,1390612,307171093429
2024-09,VISA,BANCO AGRARIO DE COLOMBIA S.A.,71622,24369922227
2024-09,VISA,BANCO BILBAO VIZCAYA ARGENTARIA COLOMBIA S.A. BBVA COLOMBIA,1791649,313084730439
2024-09,VISA,BANCO CAJA SOCIAL S.A.,294528,50483223344
2024-09,VISA,BANCO COMERCIAL AV VILLAS S.A.,184822,35110003326
2024-09,VISA,BANCO COOMEVA S.A.,53276,9056086567
2024-09,VISA,BANCO COOPERATIVO COOPCENTRAL S.A.,13608,2776422649
2024-09,VISA,BANCO DAVIVIENDA S.A.,6393965,975808271529
2024-09,VISA,BANCO DE BOGOTA S. A.,2426077,456639419905
2024-09,VISA,BANCO DE OCCIDENTE S.A.,669293,125898678983
2024-09,VISA,BANCO FINANDINA S.A.,120814,22714974958
2024-09,VISA,BANCO GNB SUDAMERIS S.A.,73007,20533429357
2024-09,VISA,BANCO PICHINCHA S.A.,11021,2422958304
2024-09,VISA,BANCO POPULAR S.A.,176861,29555710521
2024-09,VISA,BANCO PROCREDIT COLOMBIA S.A.,14774,2358706434
2024-09,VISA,BANCOLOMBIA S.A.,4028430,810103020648
2024-09,VISA,CITIBANK - COLOMBIA S.A.,85666,26789424879
2024-09,VISA,COLTEFINANCIERA S.A C.F,2343,465914313
2024-09,VISA,FINANCIERA JURISCOOP C.F.,14924,2598354615
2024-09,VISA,ITAU CORPBANCA COLOMBIA S.A.,534435,97256824320
2024-09,VISA,SCOTIABANK COLPATRIA S.A.,4311210,665467940883
2024-10,MASTERCARD,BANCO BILBAO VIZCAYA ARGENTARIA COLOMBIA S.A. BBVA COLOMBIA,639068,109451913789
2024-10,MASTERCARD,BANCO CAJA SOCIAL S.A.,109280,19736024697
2024-10,MASTERCARD,BANCO COMERCIAL AV VILLAS S.A.,321171,88410072817
2024-10,MASTERCARD,BANCO COOMEVA S.A.,75549,12437773020
2024-10,MASTERCARD,BANCO DAVIVIENDA S.A.,1249641,257310731037
2024-10,MASTERCARD,BANCO DE BOGOTA S. A.,483174,82299946645
2024-10,MASTERCARD,BANCO DE OCCIDENTE S.A.,462419,108927011921
2024-10,MASTERCARD,BANCO FALABELLA S.A.,3601017,657561034101
2024-10,MASTERCARD,BANCO GNB SUDAMERIS S.A.,14803,2875670752
2024-10,MASTERCARD,BANCO POPULAR S.A.,76547,12536322517
2024-10,MASTERCARD,BANCO SERFINANZA S.A.,496104,93026011767
2024-10,MASTERCARD,BANCO UNIÓN S.A.,3057,588821157
2024-10,MASTERCARD,BANCO W S.A.,1454,264251535
2024-10,MASTERCARD,BANCOLOMBIA S.A.,4523952,962984690192
2024-10,MASTERCARD,CONFIAR COOPERATIVA FINANCIERA,13604,2215425901
2024-10,MASTERCARD,ITAU CORPBANCA COLOMBIA S.A.,529152,88627480842
2024-10,MASTERCARD,SCOTIABANK COLPATRIA S.A.,1272569,199466035145
2024-10,MASTERCARD,TUYA S.A C.F,1352967,298135064687
2024-10,VISA,BANCO AGRARIO DE COLOMBIA S.A.,71382,24947574364
2024-10,VISA,BANCO BILBAO VIZCAYA ARGENTARIA COLOMBIA S.A. BBVA COLOMBIA,1846105,326558309979
2024-10,VISA,BANCO CAJA SOCIAL S.A.,315396,54077069110
2024-10,VISA,BANCO COMERCIAL AV VILLAS S.A.,189836,37674605122
2024-10,VISA,BANCO COOMEVA S.A.,57384,10075569768
2024-10,VISA,BANCO COOPERATIVO COOPCENTRAL S.A.,12639,2588013474
2024-10,VISA,BANCO DAVIVIENDA S.A.,6691070,1024886238568
2024-10,VISA,BANCO DE BOGOTA S. A.,2438904,486871859708
2024-10,VISA,BANCO DE OCCIDENTE S.A.,667185,140294711697
2024-10,VISA,BANCO FINANDINA S.A.,123095,23247637422
2024-10,VISA,BANCO GNB SUDAMERIS S.A.,74851,23356190617
2024-10,VISA,BANCO PICHINCHA S.A.,1089,257514942
2024-10,VISA,BANCO POPULAR S.A.,183582,31806018802
2024-10,VISA,BANCO PROCREDIT COLOMBIA S.A.,14629,2440066490
2024-10,VISA,BANCOLOMBIA S.A.,4136273,809977038925
2024-10,VISA,CITIBANK - COLOMBIA S.A.,88587,35568593632
2024-10,VISA,COLTEFINANCIERA S.A C.F,2360,469316191
2024-10,VISA,FINANCIERA JURISCOOP C.F.,16272,2854579693
2024-10,VISA,ITAU CORPBANCA COLOMBIA S.A.,603889,101683524738
2024-10,VISA,SCOTIABANK COLPATRIA S.A.,4302799,659647013313
2024-11,MASTERCARD,BANCO BILBAO VIZCAYA ARGENTARIA COLOMBIA S.A. BBVA COLOMBIA,626905,112315276429
2024-11,MASTERCARD,BANCO CAJA SOCIAL S.A.,110308,20800544406
2024-11,MASTERCARD,BANCO COMERCIAL AV VILLAS S.A.,308058,83506196380
2024-11,MASTERCARD,BANCO COOMEVA S.A.,76322,13589806054
2024-11,MASTERCARD,BANCO DAVIVIENDA S.A.,1277336,284239402137
2024-11,MASTERCARD,BANCO DE BOGOTA S. A.,442877,72271019590
2024-11,MASTERCARD,BANCO DE OCCIDENTE S.A.,440229,100800252384
2024-11,MASTERCARD,BANCO FALABELLA S.A.,3811371,786143178372
2024-11,MASTERCARD,BANCO GNB SUDAMERIS S.A.,14677,2967742772
2024-11,MASTERCARD,BANCO POPULAR S.A.,77238,12202455989
2024-11,MASTERCARD,BANCO SERFINANZA S.A.,504516,106899162884
2024-11,MASTERCARD,BANCO UNIÓN S.A.,3140,536141564
2024-11,MASTERCARD,BANCO W S.A.,1611,289598522
2024-11,MASTERCARD,BANCOLOMBIA S.A.,4437023,970729140898
2024-11,MASTERCARD,CONFIAR COOPERATIVA FINANCIERA,12616,2164342247
2024-11,MASTERCARD,ITAU CORPBANCA COLOMBIA S.A.,537032,95943473982
2024-11,MASTERCARD,NU O NU FINANCIERA,4312180,540069628634
2024-11,MASTERCARD,SCOTIABANK COLPATRIA S.A.,1231066,203541567090
2024-11,MASTERCARD,TUYA S.A C.F,1254006,283045083699
2024-11,VISA,BANCO AGRARIO DE COLOMBIA S.A.,63562,21299789234
2024-11,VISA,BANCO BILBAO VIZCAYA ARGENTARIA COLOMBIA S.A. BBVA COLOMBIA,1797115,329246893277
2024-11,VISA,BANCO CAJA SOCIAL S.A.,311607,54621870482
2024-11,VISA,BANCO COMERCIAL AV VILLAS S.A.,183410,35545688855
2024-11,VISA,BANCO COOMEVA S.A.,52587,9603776617
2024-11,VISA,BANCO COOPERATIVO COOPCENTRAL S.A.,7103,2173496718
2024-11,VISA,BANCO DAVIVIENDA S.A.,6764977,1117364760318
2024-11,VISA,BANCO DE BOGOTA S. A.,2289447,429341340468
2024-11,VISA,BANCO DE OCCIDENTE S.A.,717119,132185454185
2024-11,VISA,BANCO FINANDINA S.A.,125262,25008012566
2024-11,VISA,BANCO GNB SUDAMERIS S.A.,69511,19056804340
2024-11,VISA,BANCO PICHINCHA S.A.,666,100599806
2024-11,VISA,BANCO POPULAR S.A.,178470,31610613791
2024-11,VISA,BANCO PROCREDIT COLOMBIA S.A.,13989,2427164385
2024-11,VISA,BANCOLOMBIA S.A.,3986600,815149300850
2024-11,VISA,CITIBANK - COLOMBIA S.A.,83832,31240583755
2024-11,VISA,COLTEFINANCIERA S.A C.F,2013,385712286
2024-11,VISA,FINANCIERA JURISCOOP C.F.,14450,2777650184
2024-11,VISA,ITAU CORPBANCA COLOMBIA S.A.,600744,107595086629
2024-11,VISA,SCOTIABANK COLPATRIA S.A.,4108441,670752522706
2024-12,MASTERCARD,BANCO BILBAO VIZCAYA ARGENTARIA COLOMBIA S.A. BBVA COLOMBIA,697029,145461064948
2024-12,MASTERCARD,BANCO CAJA SOCIAL S.A.,119999,23648628634
2024-12,MASTERCARD,BANCO COMERCIAL AV VILLAS S.A.,373149,110828094134
2024-12,MASTERCARD,BANCO COOMEVA S.A.,74434,12384000946
2024-12,MASTERCARD,BANCO DAVIVIENDA S.A.,1334008,308032974518
2024-12,MASTERCARD,BANCO DE BOGOTA S. A.,499635,88806371042
2024-12,MASTERCARD,BANCO DE OCCIDENTE S.A.,476481,121917677107
2024-12,MASTERCARD,BANCO FALABELLA S.A.,3934681,812689215223
2024-12,MASTERCARD,BANCO GNB SUDAMERIS S.A.,16623,3569388132
2024-12,MASTERCARD,BANCO POPULAR S.A.,77142,14087757028
2024-12,MASTERCARD,BANCO SERFINANZA S.A.,499728,105467369381
2024-12,MASTERCARD,BANCO UNIÓN S.A.,3075,639612671
2024-12,MASTERCARD,BANCO W S.A.,1906,380604959
2024-12,MASTERCARD,BANCOLOMBIA S.A.,5177148,1230504671060
2024-12,MASTERCARD,CONFIAR COOPERATIVA FINANCIERA,12644,2210285016
2024-12,MASTERCARD,ITAU CORPBANCA COLOMBIA S.A.,566930,106865508067
2024-12,MASTERCARD,LULO BANK,10,427163
2024-12,MASTERCARD,NU O NU FINANCIERA,4356944,560997675495
2024-12,MASTERCARD,SCOTIABANK COLPATRIA S.A.,1325729,246779843527
2024-12,MASTERCARD,TUYA S.A C.F,1454896,382308690771
2024-12,VISA,BANCO AGRARIO DE COLOMBIA S.A.,67405,24956669288
2024-12,VISA,BANCO BILBAO VIZCAYA ARGENTARIA COLOMBIA S.A. BBVA COLOMBIA,2008371,414730861185
2024-12,VISA,BANCO CAJA SOCIAL S.A.,349709,64878768646
2024-12,VISA,BANCO COMERCIAL AV VILLAS S.A.,218090,46949081653
2024-12,VISA,BANCO COOMEVA S.A.,43218,8301979025
2024-12,VISA,BANCO COOPERATIVO COOPCENTRAL S.A.,5439,2154858279
2024-12,VISA,BANCO DAVIVIENDA S.A.,7066353,1228042212694
2024-12,VISA,BANCO DE BOGOTA S. A.,2512252,504538507854
2024-12,VISA,BANCO DE OCCIDENTE S.A.,659255,156822713283
2024-12,VISA,BANCO FINANDINA S.A.,126642,26080618761
2024-12,VISA,BANCO GNB SUDAMERIS S.A.,74713,21744874548
2024-12,VISA,BANCO PICHINCHA S.A.,303,55043929
2024-12,VISA,BANCO POPULAR S.A.,189437,38883265293
2024-12,VISA,BANCO PROCREDIT COLOMBIA S.A.,14202,2742694932
2024-12,VISA,BANCOLOMBIA S.A.,4601816,1023096952024
2024-12,VISA,CITIBANK - COLOMBIA S.A.,61495,27261394169
2024-12,VISA,COLTEFINANCIERA S.A C.F,2106,545349928
2024-12,VISA,FINANCIERA JURISCOOP C.F.,18617,3946112399
2024-12,VISA,ITAU CORPBANCA COLOMBIA S.A.,641919,123986365368
2024-12,VISA,SCOTIABANK COLPATRIA S.A.,4552283,854803459468
2025-01,MASTERCARD,BANCO BILBAO VIZCAYA ARGENTARIA COLOMBIA S.A. BBVA COLOMBIA,621076,115789457572
2025-01,MASTERCARD,BANCO CAJA SOCIAL S.A.,101656,18656078734
2025-01,MASTERCARD,BANCO COMERCIAL AV VILLAS S.A.,309318,92651955881
2025-01,MASTERCARD,BANCO COOMEVA S.A.,73805,12384000946
2025-01,MASTERCARD,BANCO DAVIVIENDA S.A.,1186546,256426473669
2025-01,MASTERCARD,BANCO DE BOGOTA S. A.,449194,71676879891
2025-01,MASTERCARD,BANCO DE OCCIDENTE S.A.,419929,97648059134
2025-01,MASTERCARD,BANCO FALABELLA S.A.,3355061,621572663532
2025-01,MASTERCARD,BANCO GNB SUDAMERIS S.A.,14571,2781179995
2025-01,MASTERCARD,BANCO POPULAR S.A.,67523,11093525759
2025-01,MASTERCARD,BANCO SERFINANZA S.A.,448330,91495357135
2025-01,MASTERCARD,BANCO UNIÓN S.A.,2536,447181917
2025-01,MASTERCARD,BANCO W S.A.,2366,472688189
2025-01,MASTERCARD,BANCOLOMBIA S.A.,4449962,984655520394
2025-01,MASTERCARD,CONFIAR COOPERATIVA FINANCIERA,11484,1897400090
2025-01,MASTERCARD,ITAU CORPBANCA COLOMBIA S.A.,503904,110072683700
2025-01,MASTERCARD,LULO BANK,35,2642340
2025-01,MASTERCARD,NU O NU FINANCIERA,4016054,484232287653
2025-01,MASTERCARD,SCOTIABANK COLPATRIA S.A.,1157335,195335486871
2025-01,MASTERCARD,TUYA S.A C.F,1165571,252122279193
2025-01,VISA,BANCO AGRARIO DE COLOMBIA S.A.,72766,30422880095
2025-01,VISA,BANCO BILBAO VIZCAYA ARGENTARIA COLOMBIA S.A. BBVA COLOMBIA,1795561,335143979779
2025-01,VISA,BANCO CAJA SOCIAL S.A.,298689,52980964380
2025-01,VISA,BANCO COMERCIAL AV VILLAS S.A.,184687,37024382568
2025-01,VISA,BANCO COOMEVA S.A.,47607,8218317412
2025-01,VISA,BANCO COOPERATIVO COOPCENTRAL S.A.,4586,1550689727
2025-01,VISA,BANCO DAVIVIENDA S.A.,6315099,1020108832533
2025-01,VISA,BANCO DE BOGOTA S. A.,2282462,418102203157
2025-01,VISA,BANCO DE OCCIDENTE S.A.,682715,132656065480
2025-01,VISA,BANCO FINANDINA S.A.,113233,21508742586
2025-01,VISA,BANCO GNB SUDAMERIS S.A.,65875,16526783328
2025-01,VISA,BANCO POPULAR S.A.,167695,29836343988
2025-01,VISA,BANCO PROCREDIT COLOMBIA S.A.,12304,2085506178
2025-01,VISA,BANCOLOMBIA S.A.,3885983,806250209241
2025-01,VISA,CITIBANK - COLOMBIA S.A.,44409,17215182539
2025-01,VISA,COLTEFINANCIERA S.A C.F,1909,385968528
2025-01,VISA,FINANCIERA JURISCOOP C.F.,14450,2777650184
2025-01,VISA,ITAU CORPBANCA COLOMBIA S.A.,554541,98974363348
2025-01,VISA,SCOTIABANK COLPATRIA S.A.,4070406,709300208505
2025-02,MASTERCARD,BANCO BILBAO VIZCAYA ARGENTARIA COLOMBIA S.A. BBVA COLOMBIA,583946,105044914523
2025-02,MASTERCARD,BANCO CAJA SOCIAL S.A.,93680,16642976204
2025-02,MASTERCARD,BANCO COMERCIAL AV VILLAS S.A.,295249,84387534218
2025-02,MASTERCARD,BANCO COOMEVA S.A.,65505,10631575123
2025-02,MASTERCARD,BANCO DAVIVIENDA S.A.,1154110,237931531390
2025-02,MASTERCARD,BANCO DE BOGOTA S. A.,406660,62102981609
2025-02,MASTERCARD,BANCO DE OCCIDENTE S.A.,392772,92519856205
2025-02,MASTERCARD,BANCO FALABELLA S.A.,3282441,581705151087
2025-02,MASTERCARD,BANCO GNB SUDAMERIS S.A.,13569,2571076595
2025-02,MASTERCARD,BANCO POPULAR S.A.,61185,9683245859
2025-02,MASTERCARD,BANCO SERFINANZA S.A.,428893,89572297497
2025-02,MASTERCARD,BANCO UNIÓN S.A.,2495,434236210
2025-02,MASTERCARD,BANCO W S.A.,4293,832570273
2025-02,MASTERCARD,BANCOLOMBIA S.A.,4410407,957333888874
2025-02,MASTERCARD,CONFIAR COOPERATIVA FINANCIERA,11050,1740466233
2025-02,MASTERCARD,ITAU CORPBANCA COLOMBIA S.A.,485544,104730089666
2025-02,MASTERCARD,LULO BANK,272,30988083
2025-02,MASTERCARD,NU O NU FINANCIERA,4029046,461070349128
2025-02,MASTERCARD,SCOTIABANK COLPATRIA S.A.,1080821,174659801405
2025-02,MASTERCARD,TUYA S.A C.F,1236234,315919679695
2025-02,VISA,BANCO AGRARIO DE COLOMBIA S.A.,71780,30476571767
2025-02,VISA,BANCO BILBAO VIZCAYA ARGENTARIA COLOMBIA S.A. BBVA COLOMBIA,1717298,310421396594
2025-02,VISA,BANCO CAJA SOCIAL S.A.,282744,49427792872
2025-02,VISA,BANCO COMERCIAL AV VILLAS S.A.,178822,34754018261
2025-02,VISA,BANCO COOMEVA S.A.,50389,8818473894
2025-02,VISA,BANCO COOPERATIVO COOPCENTRAL S.A.,4356,1459482085
2025-02,VISA,BANCO DAVIVIENDA S.A.,6083303,947991824047
2025-02,VISA,BANCO DE BOGOTA S. A.,2182993,395228085925
2025-02,VISA,BANCO DE OCCIDENTE S.A.,737597,128176362874
2025-02,VISA,BANCO FINANDINA S.A.,112279,20299097327
2025-02,VISA,BANCO GNB SUDAMERIS S.A.,64431,18515381660
2025-02,VISA,BANCO POPULAR S.A.,148749,25931589779
2025-02,VISA,BANCO PROCREDIT COLOMBIA S.A.,10871,1852528713
2025-02,VISA,BANCOLOMBIA S.A.,3816351,784529399921
2025-02,VISA,CITIBANK - COLOMBIA S.A.,93623,32981437242
2025-02,VISA,COLTEFINANCIERA S.A C.F,2045,468419369
2025-02,VISA,FINANCIERA JURISCOOP C.F.,11430,2126260753
2025-02,VISA,ITAU CORPBANCA COLOMBIA S.A.,523815,90369395645
2025-02,VISA,SCOTIABANK COLPATRIA S.A.,3780818,652189638277
2025-03,MASTERCARD,BANCO BILBAO VIZCAYA ARGENTARIA COLOMBIA S.A. BBVA COLOMBIA,690245,123182692362
2025-03,MASTERCARD,BANCO CAJA SOCIAL S.A.,107336,18788624750
2025-03,MASTERCARD,BANCO COMERCIAL AV VILLAS S.A.,342255,90835814503
2025-03,MASTERCARD,BANCO COOMEVA S.A.,72737,11564614757
2025-03,MASTERCARD,BANCO DAVIVIENDA S.A.,1401927,288643564094
2025-03,MASTERCARD,BANCO DE BOGOTA S. A.,462260,71559410415
2025-03,MASTERCARD,BANCO DE OCCIDENTE S.A.,460134,107156392068
2025-03,MASTERCARD,BANCO FALABELLA S.A.,3757866,693052902019
2025-03,MASTERCARD,BANCO GNB SUDAMERIS S.A.,15903,3244744809
2025-03,MASTERCARD,BANCO POPULAR S.A.,71872,11191422520
2025-03,MASTERCARD,BANCO SERFINANZA S.A.,466764,95411056313
2025-03,MASTERCARD,BANCO UNIÓN S.A.,2687,478097045
2025-03,MASTERCARD,BANCO W S.A.,6548,1170393693
2025-03,MASTERCARD,BANCOLOMBIA S.A.,5110661,1097723220017
2025-03,MASTERCARD,CONFIAR COOPERATIVA FINANCIERA,11655,1951422668
2025-03,MASTERCARD,ITAU CORPBANCA COLOMBIA S.A.,579313,116835637032
2025-03,MASTERCARD,LULO BANK,1591,183297269
2025-03,MASTERCARD,NU O NU FINANCIERA,4717541,540876453619
2025-03,MASTERCARD,SCOTIABANK COLPATRIA S.A.,1201753,196454387845
2025-03,MASTERCARD,TUYA S.A C.F,1340071,319669658203
2025-03,VISA,BANCO AGRARIO DE COLOMBIA S.A.,77162,29080068971
2025-03,VISA,BANCO BILBAO VIZCAYA ARGENTARIA COLOMBIA S.A. BBVA COLOMBIA,1972251,356002200832
2025-03,VISA,BANCO CAJA SOCIAL S.A.,329583,55806707867
2025-03,VISA,BANCO COMERCIAL AV VILLAS S.A.,213788,41997814013
2025-03,VISA,BANCO COOMEVA S.A.,57593,9877471033
2025-03,VISA,BANCO COOPERATIVO COOPCENTRAL S.A.,4734,1613387459
2025-03,VISA,BANCO DAVIVIENDA S.A.,7150857,1136156114849
2025-03,VISA,BANCO DE BOGOTA S. A.,2476615,454366551255
2025-03,VISA,BANCO DE OCCIDENTE S.A.,733950,149712716413
2025-03,VISA,BANCO FINANDINA S.A.,125281,22331829948
2025-03,VISA,BANCO GNB SUDAMERIS S.A.,72695,18899716095
2025-03,VISA,BANCO POPULAR S.A.,169306,29950668549
2025-03,VISA,BANCO PROCREDIT COLOMBIA S.A.,12546,2102264054
2025-03,VISA,BANCOLOMBIA S.A.,4359054,899323020933
2025-03,VISA,CITIBANK - COLOMBIA S.A.,83589,28934095754
2025-03,VISA,COLTEFINANCIERA S.A C.F,2032,534704162
2025-03,VISA,FINANCIERA JURISCOOP C.F.,13009,2414564106
2025-03,VISA,ITAU CORPBANCA COLOMBIA S.A.,556989,100441269584
2025-03,VISA,SCOTIABANK COLPATRIA S.A.,4268726,747934784924
2025-04,MASTERCARD,BANCO BILBAO VIZCAYA ARGENTARIA COLOMBIA S.A. BBVA COLOMBIA,673891,119500051059
2025-04,MASTERCARD,BANCO CAJA SOCIAL S.A.,104274,17376330412
2025-04,MASTERCARD,BANCO COMERCIAL AV VILLAS S.A.,332511,88541745313
2025-04,MASTERCARD,BANCO COOMEVA S.A.,69849,11027636644
2025-04,MASTERCARD,BANCO DAVIVIENDA S.A.,1363775,273482749023
2025-04,MASTERCARD,BANCO DE BOGOTA S. A.,444188,67334986870
2025-04,MASTERCARD,BANCO DE OCCIDENTE S.A.,431434,111516819088
2025-04,MASTERCARD,BANCO FALABELLA S.A.,3603760,644110052851
2025-04,MASTERCARD,BANCO GNB SUDAMERIS S.A.,12629,2436628031
2025-04,MASTERCARD,BANCO POPULAR S.A.,68559,10382947136
2025-04,MASTERCARD,BANCO SERFINANZA S.A.,462836,90046885601
2025-04,MASTERCARD,BANCO UNIÓN S.A.,2393,464513002
2025-04,MASTERCARD,BANCO W S.A.,8036,1326646580
2025-04,MASTERCARD,BANCOLOMBIA S.A.,4816304,1057716179654
2025-04,MASTERCARD,CONFIAR COOPERATIVA FINANCIERA,11763,1885618853
2025-04,MASTERCARD,ITAU CORPBANCA COLOMBIA S.A.,548364,109018386366
2025-04,MASTERCARD,LULO BANK,1375,153059881
2025-04,MASTERCARD,NU O NU FINANCIERA,4565601,509861435520
2025-04,MASTERCARD,SCOTIABANK COLPATRIA S.A.,1141619,184479518511
2025-04,MASTERCARD,TUYA S.A C.F,1272190,282865210902
2025-04,VISA,BANCO AGRARIO DE COLOMBIA S.A.,69404,24929028564
2025-04,VISA,BANCO BILBAO VIZCAYA ARGENTARIA COLOMBIA S.A. BBVA COLOMBIA,1889026,332526180761
2025-04,VISA,BANCO CAJA SOCIAL S.A.,316488,53158161946
2025-04,VISA,BANCO COMERCIAL AV VILLAS S.A.,209184,41484131642
2025-04,VISA,BANCO COOMEVA S.A.,54977,9154982910
2025-04,VISA,BANCO COOPERATIVO COOPCENTRAL S.A.,4355,1530600735
2025-04,VISA,BANCO DAVIVIENDA S.A.,6921787,1078613853535
2025-04,VISA,BANCO DE BOGOTA S. A.,2734548,472039025217
2025-04,VISA,BANCO DE OCCIDENTE S.A.,730327,142819974946
2025-04,VISA,BANCO FINANDINA S.A.,115679,20740564918
2025-04,VISA,BANCO GNB SUDAMERIS S.A.,66654,17863866539
2025-04,VISA,BANCO POPULAR S.A.,167778,27770384366
2025-04,VISA,BANCO PROCREDIT COLOMBIA S.A.,11719,1970853902
2025-04,VISA,BANCOLOMBIA S.A.,4113303,856218019921
2025-04,VISA,CITIBANK - COLOMBIA S.A.,80543,28365755625
2025-04,VISA,COLTEFINANCIERA S.A C.F,1780,396074929
2025-04,VISA,FINANCIERA JURISCOOP C.F.,13749,2487357026
2025-04,VISA,ITAU CORPBANCA COLOMBIA S.A.,502497,88794641144
2025-04,VISA,SCOTIABANK COLPATRIA S.A.,4077935,703963833611
2025-05,MASTERCARD,BANCO BILBAO VIZCAYA ARGENTARIA COLOMBIA S.A. BBVA COLOMBIA,711925,126755448860
2025-05,MASTERCARD,BANCO CAJA SOCIAL S.A.,112319,19483507530
2025-05,MASTERCARD,BANCO COMERCIAL AV VILLAS S.A.,345334,94076236852
2025-05,MASTERCARD,BANCO COOMEVA S.A.,75587,11885556666
2025-05,MASTERCARD,BANCO DAVIVIENDA S.A.,1364063,280116779578
2025-05,MASTERCARD,BANCO DE BOGOTA S. A.,459278,73974863673
2025-05,MASTERCARD,BANCO DE OCCIDENTE S.A.,451647,118951772990
2025-05,MASTERCARD,BANCO FALABELLA S.A.,3920993,735287163224
2025-05,MASTERCARD,BANCO GNB SUDAMERIS S.A.,15495,3127794364
2025-05,MASTERCARD,BANCO POPULAR S.A.,76301,12450211143
2025-05,MASTERCARD,BANCO SERFINANZA S.A.,487837,111632380543
2025-05,MASTERCARD,BANCO UNIÓN S.A.,2646,511645706
2025-05,MASTERCARD,BANCO W S.A.,9962,1693950138
2025-05,MASTERCARD,BANCOLOMBIA S.A.,5142145,1109443286709
2025-05,MASTERCARD,CONFIAR COOPERATIVA FINANCIERA,12366,2038865846
2025-05,MASTERCARD,ITAU CORPBANCA COLOMBIA S.A.,599191,120295199613
2025-05,MASTERCARD,LULO BANK,4128,682795570
2025-05,MASTERCARD,NU O NU FINANCIERA,5121428,580690364531
2025-05,MASTERCARD,SCOTIABANK COLPATRIA S.A.,1209791,194403858097
2025-05,MASTERCARD,TUYA S.A C.F,1331748,309094798618
2025-05,VISA,BANCO AGRARIO DE COLOMBIA S.A.,66343,23155321717
2025-05,VISA,BANCO BILBAO VIZCAYA ARGENTARIA COLOMBIA S.A. BBVA COLOMBIA,1978249,354723821999
2025-05,VISA,BANCO CAJA SOCIAL S.A.,339922,57627874990
2025-05,VISA,BANCO COMERCIAL AV VILLAS S.A.,225757,46805515617
2025-05,VISA,BANCO COOMEVA S.A.,57241,9835383645
2025-05,VISA,BANCO COOPERATIVO COOPCENTRAL S.A.,4786,1615888541
2025-05,VISA,BANCO DAVIVIENDA S.A.,7200741,1122774852194
2025-05,VISA,BANCO DE BOGOTA S. A.,2879825,511194480334
2025-05,VISA,BANCO DE OCCIDENTE S.A.,798081,159934558771
2025-05,VISA,BANCO FINANDINA S.A.,123015,22762341906
2025-05,VISA,BANCO GNB SUDAMERIS S.A.,68295,19846003126
2025-05,VISA,BANCO POPULAR S.A.,183211,31950794904
2025-05,VISA,BANCO PROCREDIT COLOMBIA S.A.,12420,2138574448
2025-05,VISA,BANCOLOMBIA S.A.,4356659,908523268829
2025-05,VISA,CITIBANK - COLOMBIA S.A.,90128,29911977677
2025-05,VISA,COLTEFINANCIERA S.A C.F,1966,533986422
2025-05,VISA,FINANCIERA JURISCOOP C.F.,14178,2503140993
2025-05,VISA,ITAU CORPBANCA COLOMBIA S.A.,537516,97662292525
2025-05,VISA,JFK COOPERATIVA FINANCIERA,1,20800
2025-05,VISA,SCOTIABANK COLPATRIA S.A.,4272856,739507637069
2025-06,MASTERCARD,BANCO BILBAO VIZCAYA ARGENTARIA COLOMBIA S.A. BBVA COLOMBIA,669751,124057297816
2025-06,MASTERCARD,BANCO CAJA SOCIAL S.A.,109466,18941356435
2025-06,MASTERCARD,BANCO COMERCIAL AV VILLAS S.A.,303843,79249089945
2025-06,MASTERCARD,BANCO COOMEVA S.A.,71567,11812459417
2025-06,MASTERCARD,BANCO DAVIVIENDA S.A.,1316430,271528850642
2025-06,MASTERCARD,BANCO DE BOGOTA S. A.,417522,67253934887
2025-06,MASTERCARD,BANCO DE OCCIDENTE S.A.,406774,96882327487
2025-06,MASTERCARD,BANCO FALABELLA S.A.,3804188,722951157000
2025-06,MASTERCARD,BANCO GNB SUDAMERIS S.A.,14943,3148789224
2025-06,MASTERCARD,BANCO POPULAR S.A.,68770,11285104505
2025-06,MASTERCARD,BANCO SERFINANZA S.A.,447309,97853500076
2025-06,MASTERCARD,BANCO UNIÓN S.A.,2488,450637659
2025-06,MASTERCARD,BANCO W S.A.,10769,1809054429
2025-06,MASTERCARD,BANCOLOMBIA S.A.,4838636,1056252122243
2025-06,MASTERCARD,CONFIAR COOPERATIVA FINANCIERA,11935,2026819659
2025-06,MASTERCARD,ITAU CORPBANCA COLOMBIA S.A.,573709,116869922764
2025-06,MASTERCARD,LULO BANK,39494,6351777161
2025-06,MASTERCARD,NU O NU FINANCIERA,4992550,577155868570
2025-06,MASTERCARD,SCOTIABANK COLPATRIA S.A.,1102620,176716565715
2025-06,MASTERCARD,TUYA S.A C.F,1250889,288259852806
2025-06,VISA,BANCO AGRARIO DE COLOMBIA S.A.,60263,21343123390
2025-06,VISA,BANCO BILBAO VIZCAYA ARGENTARIA COLOMBIA S.A. BBVA COLOMBIA,1845182,346343372869
2025-06,VISA,BANCO CAJA SOCIAL S.A.,334754,57469978851
2025-06,VISA,BANCO COMERCIAL AV VILLAS S.A.,213585,43185413855
2025-06,VISA,BANCO COOMEVA S.A.,55448,9787102105
2025-06,VISA,BANCO COOPERATIVO COOPCENTRAL S.A.,4534,1609432937
2025-06,VISA,BANCO DAVIVIENDA S.A.,6951959,1103713162234
2025-06,VISA,BANCO DE BOGOTA S. A.,2611335,442910893706
2025-06,VISA,BANCO DE OCCIDENTE S.A.,741324,146194616342
2025-06,VISA,BANCO FINANDINA S.A.,104196,20107224760
2025-06,VISA,BANCO GNB SUDAMERIS S.A.,62355,17484677528
2025-06,VISA,BANCO POPULAR S.A.,168049,30646911228
2025-06,VISA,BANCO PROCREDIT COLOMBIA S.A.,11340,2003246748
2025-06,VISA,BANCOLOMBIA S.A.,4060945,849262901039
2025-06,VISA,CITIBANK - COLOMBIA S.A.,93006,31448356031
2025-06,VISA,COLTEFINANCIERA S.A C.F,1810,333054688
2025-06,VISA,FINANCIERA JURISCOOP C.F.,13141,2482678221
2025-06,VISA,ITAU CORPBANCA COLOMBIA S.A.,509798,107623491808
2025-06,VISA,SCOTIABANK COLPATRIA S.A.,3987297,684842673591
2025-07,MASTERCARD,BANCO BILBAO VIZCAYA ARGENTARIA COLOMBIA S.A. BBVA COLOMBIA,817464,152885262063
2025-07,MASTERCARD,BANCO CAJA SOCIAL S.A.,111971,19584738188
2025-07,MASTERCARD,BANCO COMERCIAL AV VILLAS S.A.,381801,104869803171
2025-07,MASTERCARD,BANCO COOMEVA S.A.,72522,11737206287
2025-07,MASTERCARD,BANCO DAVIVIENDA S.A.,1385180,289646510138
2025-07,MASTERCARD,BANCO DE BOGOTA S. A.,498555,85344220376
2025-07,MASTERCARD,BANCO DE OCCIDENTE S.A.,481741,116340231344
2025-07,MASTERCARD,BANCO FALABELLA S.A.,3824439,720106087563
2025-07,MASTERCARD,BANCO GNB SUDAMERIS S.A.,17669,3389962689
2025-07,MASTERCARD,BANCO POPULAR S.A.,78383,13260328738
2025-07,MASTERCARD,BANCO SERFINANZA S.A.,457392,96426013658
2025-07,MASTERCARD,BANCO UNIÓN S.A.,2197,415891380
2025-07,MASTERCARD,BANCO W S.A.,14524,2435602456
2025-07,MASTERCARD,BANCOLOMBIA S.A.,6006652,1288793190990
2025-07,MASTERCARD,CONFIAR COOPERATIVA FINANCIERA,12789,2151663793
2025-07,MASTERCARD,ITAU CORPBANCA COLOMBIA S.A.,588511,103040519531
2025-07,MASTERCARD,LULO BANK,60198,8890741923
2025-07,MASTERCARD,NU O NU FINANCIERA,5415311,623582770639
2025-07,MASTERCARD,SCOTIABANK COLPATRIA S.A.,1243827,212110748801
2025-07,MASTERCARD,TUYA S.A C.F,1576123,437775276115
2025-07,VISA,BANCO AGRARIO DE COLOMBIA S.A.,79321,31800700262
2025-07,VISA,BANCO BILBAO VIZCAYA ARGENTARIA COLOMBIA S.A. BBVA COLOMBIA,2319646,416339714698
2025-07,VISA,BANCO CAJA SOCIAL S.A.,342047,59985570800
2025-07,VISA,BANCO COMERCIAL AV VILLAS S.A.,273420,55605059151
2025-07,VISA,BANCO COOMEVA S.A.,57668,10172509091
2025-07,VISA,BANCO COOPERATIVO COOPCENTRAL S.A.,5097,1768425994
2025-07,VISA,BANCO DAVIVIENDA S.A.,7217824,1157262537492
2025-07,VISA,BANCO DE BOGOTA S. A.,3212578,567961729794
2025-07,VISA,BANCO DE OCCIDENTE S.A.,914944,180529610706
2025-07,VISA,BANCO FINANDINA S.A.,109451,21134489452
2025-07,VISA,BANCO GNB SUDAMERIS S.A.,75912,21871731017
2025-07,VISA,BANCO POPULAR S.A.,191426,36365471038
2025-07,VISA,BANCO PROCREDIT COLOMBIA S.A.,11022,1942693599
2025-07,VISA,BANCOLOMBIA S.A.,4979542,1032897996847
2025-07,VISA,CITIBANK - COLOMBIA S.A.,85387,28649648106
2025-07,VISA,COLTEFINANCIERA S.A C.F,1769,406394297
2025-07,VISA,FINANCIERA JURISCOOP C.F.,12872,2481781181
2025-07,VISA,ITAU CORPBANCA COLOMBIA S.A.,525831,107449583429
2025-07,VISA,JFK COOPERATIVA FINANCIERA,1,36800
2025-07,VISA,SCOTIABANK COLPATRIA S.A.,4791091,830160525497
2025-08,MASTERCARD,BANCO BILBAO VIZCAYA ARGENTARIA COLOMBIA S.A. BBVA COLOMBIA,669751,124057297816
2025-08,MASTERCARD,BANCO CAJA SOCIAL S.A.,116767,20311620067
2025-08,MASTERCARD,BANCO COMERCIAL AV VILLAS S.A.,332699,82804651600
2025-08,MASTERCARD,BANCO COOMEVA S.A.,73887,12073660286
2025-08,MASTERCARD,BANCO DAVIVIENDA S.A.,1442108,290805200578
2025-08,MASTERCARD,BANCO DE BOGOTA S. A.,425437,65417799244
2025-08,MASTERCARD,BANCO DE OCCIDENTE S.A.,416777,106191159211
2025-08,MASTERCARD,BANCO FALABELLA S.A.,3928749,716653508378
2025-08,MASTERCARD,BANCO GNB SUDAMERIS S.A.,14397,2717251735
2025-08,MASTERCARD,BANCO POPULAR S.A.,64011,10438112086
2025-08,MASTERCARD,BANCO SERFINANZA S.A.,455167,93292009984
2025-08,MASTERCARD,BANCO UNIÓN S.A.,2497,458729890
2025-08,MASTERCARD,BANCO W S.A.,13524,2254771462
2025-08,MASTERCARD,BANCOLOMBIA S.A.,5300513,1105303839832
2025-08,MASTERCARD,CONFIAR COOPERATIVA FINANCIERA,12995,2089355586
2025-08,MASTERCARD,ITAU CORPBANCA COLOMBIA S.A.,603517,115090637290
2025-08,MASTERCARD,LULO BANK,81186,10952199038
2025-08,MASTERCARD,NU O NU FINANCIERA,5683807,630217122676
2025-08,MASTERCARD,SCOTIABANK COLPATRIA S.A.,1101334,183677707574
2025-08,MASTERCARD,TUYA S.A C.F,1290252,315030320384
2025-08,VISA,BANCO AGRARIO DE COLOMBIA S.A.,68745,26824140414
2025-08,VISA,BANCO BILBAO VIZCAYA ARGENTARIA COLOMBIA S.A. BBVA COLOMBIA,2026154,344945041948
2025-08,VISA,BANCO CAJA SOCIAL S.A.,348924,58804734591
2025-08,VISA,BANCO COMERCIAL AV VILLAS S.A.,235963,45766383655
2025-08,VISA,BANCO COOMEVA S.A.,58396,9713812680
2025-08,VISA,BANCO COOPERATIVO COOPCENTRAL S.A.,4749,1715480784
2025-08,VISA,BANCO DAVIVIENDA S.A.,7444260,1126701072864
2025-08,VISA,BANCO DE BOGOTA S. A.,2652870,438470310521
2025-08,VISA,BANCO DE OCCIDENTE S.A.,767709,145556257183
2025-08,VISA,BANCO FINANDINA S.A.,108763,20193476866
2025-08,VISA,BANCO GNB SUDAMERIS S.A.,66867,19012216655
2025-08,VISA,BANCO POPULAR S.A.,164848,29348249676
2025-08,VISA,BANCO PROCREDIT COLOMBIA S.A.,11526,2046078351
2025-08,VISA,BANCOLOMBIA S.A.,4352620,889328282744
2025-08,VISA,CITIBANK - COLOMBIA S.A.,91274,30955814249
2025-08,VISA,COLTEFINANCIERA S.A C.F,1915,385885840
2025-08,VISA,FINANCIERA JURISCOOP C.F.,9800,1743169625
2025-08,VISA,ITAU CORPBANCA COLOMBIA S.A.,529374,103257994011
2025-08,VISA,JFK COOPERATIVA FINANCIERA,1,29000
2025-08,VISA,SCOTIABANK COLPATRIA S.A.,4207104,684311711437
2025-09,MASTERCARD,BANCO BILBAO VIZCAYA ARGENTARIA COLOMBIA S.A. BBVA COLOMBIA,791416,139765097922
2025-09,MASTERCARD,BANCO CAJA SOCIAL S.A.,120191,20777795400
2025-09,MASTERCARD,BANCO COMERCIAL AV VILLAS S.A.,384859,93805686805
2025-09,MASTERCARD,BANCO COOMEVA S.A.,71745,10983200010
2025-09,MASTERCARD,BANCO DAVIVIENDA S.A.,1459083,287489160682
2025-09,MASTERCARD,BANCO DE BOGOTA S. A.,490153,75845348124
2025-09,MASTERCARD,BANCO DE OCCIDENTE S.A.,476199,103484751030
2025-09,MASTERCARD,BANCO FALABELLA S.A.,3882862,692055617221
2025-09,MASTERCARD,BANCO GNB SUDAMERIS S.A.,15596,2966407913
2025-09,MASTERCARD,BANCO POPULAR S.A.,73920,11830467615
2025-09,MASTERCARD,BANCO SERFINANZA S.A.,431121,79241774868
2025-09,MASTERCARD,BANCO UNIÓN S.A.,2729,451376959
2025-09,MASTERCARD,BANCO W S.A.,16531,2548708994
2025-09,MASTERCARD,BANCOLOMBIA S.A.,6092377,1263612615975
2025-09,MASTERCARD,CONFIAR COOPERATIVA FINANCIERA,13272,2068646489
2025-09,MASTERCARD,ITAU CORPBANCA COLOMBIA S.A.,594586,117150022654
2025-09,MASTERCARD,LULO BANK,94937,11916266636
2025-09,MASTERCARD,NU O NU FINANCIERA,5738617,612036189935
2025-09,MASTERCARD,SCOTIABANK COLPATRIA S.A.,1190019,190355076122
2025-09,MASTERCARD,TUYA S.A C.F,1519495,366850935635
2025-09,VISA,BANCO AGRARIO DE COLOMBIA S.A.,77658,28577875214
2025-09,VISA,BANCO BILBAO VIZCAYA ARGENTARIA COLOMBIA S.A. BBVA COLOMBIA,2295546,388020008327
2025-09,VISA,BANCO CAJA SOCIAL S.A.,363095,60408825787
2025-09,VISA,BANCO COMERCIAL AV VILLAS S.A.,280317,53563982335
2025-09,VISA,BANCO COOMEVA S.A.,37326,5921403230
2025-09,VISA,BANCO COOPERATIVO COOPCENTRAL S.A.,4775,1664256839
2025-09,VISA,BANCO DAVIVIENDA S.A.,7530141,1139245814684
2025-09,VISA,BANCO DE BOGOTA S. A.,3183494,528798646362
2025-09,VISA,BANCO DE OCCIDENTE S.A.,911955,169237622317
2025-09,VISA,BANCO FINANDINA S.A.,111050,20014264574
2025-09,VISA,BANCO GNB SUDAMERIS S.A.,76116,23258416898
2025-09,VISA,BANCO POPULAR S.A.,188491,32941902395
2025-09,VISA,BANCO PROCREDIT COLOMBIA S.A.,11506,1875921449
2025-09,VISA,BANCOLOMBIA S.A.,4980745,1026154043058
2025-09,VISA,CITIBANK - COLOMBIA S.A.,105018,34359794000
2025-09,VISA,COLTEFINANCIERA S.A C.F,1868,402258225
2025-09,VISA,FINANCIERA JURISCOOP C.F.,10094,1877288615
2025-09,VISA,ITAU CORPBANCA COLOMBIA S.A.,508350,88257208664
2025-09,VISA,JFK COOPERATIVA FINANCIERA,14,1623458
2025-09,VISA,SCOTIABANK COLPATRIA S.A.,4762789,771019847924
2025-10,MASTERCARD,BANCO BILBAO VIZCAYA ARGENTARIA COLOMBIA S.A. BBVA COLOMBIA,752003,136399881339
2025-10,MASTERCARD,BANCO CAJA SOCIAL S.A.,125523,21785461428
2025-10,MASTERCARD,BANCO COMERCIAL AV VILLAS S.A.,371538,93681166584
2025-10,MASTERCARD,BANCO COOMEVA S.A.,68036,10433636853
2025-10,MASTERCARD,BANCO DAVIVIENDA S.A.,1544915,310874913803
2025-10,MASTERCARD,BANCO DE BOGOTA S. A.,474404,74973666329
2025-10,MASTERCARD,BANCO DE OCCIDENTE S.A.,459333,111666085738
2025-10,MASTERCARD,BANCO FALABELLA S.A.,4137070,734100530102
2025-10,MASTERCARD,BANCO GNB SUDAMERIS S.A.,15146,2955589876
2025-10,MASTERCARD,BANCO POPULAR S.A.,74174,11834322256
2025-10,MASTERCARD,BANCO SERFINANZA S.A.,417467,96628820967
2025-10,MASTERCARD,BANCO UNIÓN S.A.,2701,465519099
2025-10,MASTERCARD,BANCO W S.A.,16744,2635047650
2025-10,MASTERCARD,BANCOLOMBIA S.A.,5946491,1216873304166
2025-10,MASTERCARD,CONFIAR COOPERATIVA FINANCIERA,13580,2181042649
2025-10,MASTERCARD,ITAU CORPBANCA COLOMBIA S.A.,604978,116939736443
2025-10,MASTERCARD,LULO BANK,111351,13901480036
2025-10,MASTERCARD,NU O NU FINANCIERA,5954310,639010380481
2025-10,MASTERCARD,SCOTIABANK COLPATRIA S.A.,1164836,185444748961
2025-10,MASTERCARD,TUYA S.A C.F,1452862,338460657062
2025-10,VISA,BANCO AGRARIO DE COLOMBIA S.A.,70883,25217381501
2025-10,VISA,BANCO BILBAO VIZCAYA ARGENTARIA COLOMBIA S.A. BBVA COLOMBIA,2241938,381476174430
2025-10,VISA,BANCO CAJA SOCIAL S.A.,376857,63433268445
2025-10,VISA,BANCO COMERCIAL AV VILLAS S.A.,275084,53189765054
2025-10,VISA,BANCO COOMEVA S.A.,58169,8963691172
2025-10,VISA,BANCO COOPERATIVO COOPCENTRAL S.A.,5116,1656040468
2025-10,VISA,BANCO DAVIVIENDA S.A.,7987779,1209655055172
2025-10,VISA,BANCO DE BOGOTA S. A.,2986818,498358061473
2025-10,VISA,BANCO DE OCCIDENTE S.A.,904702,167429621290
2025-10,VISA,BANCO FINANDINA S.A.,115130,20295418689
2025-10,VISA,BANCO GNB SUDAMERIS S.A.,72885,21953086350
2025-10,VISA,BANCO POPULAR S.A.,189085,33410496885
2025-10,VISA,BANCO PROCREDIT COLOMBIA S.A.,11782,1985149821
2025-10,VISA,BANCOLOMBIA S.A.,4854357,988416689682
2025-10,VISA,CITIBANK - COLOMBIA S.A.,86599,28380124010
2025-10,VISA,COLTEFINANCIERA S.A C.F,2057,427903238
2025-10,VISA,FINANCIERA JURISCOOP C.F.,17178,2616702749
2025-10,VISA,ITAU CORPBANCA COLOMBIA S.A.,506998,102924035133
2025-10,VISA,JFK COOPERATIVA FINANCIERA,78,7001168
2025-10,VISA,SCOTIABANK COLPATRIA S.A.,4598314,743381397037
2025-11,MASTERCARD,BANCO BILBAO VIZCAYA ARGENTARIA COLOMBIA S.A. BBVA COLOMBIA,763439,143604597343
2025-11,MASTERCARD,BANCO CAJA SOCIAL S.A.,129841,23916949810
2025-11,MASTERCARD,BANCO COMERCIAL AV VILLAS S.A.,352661,84501535047
2025-11,MASTERCARD,BANCO COOMEVA S.A.,72038,11815464953
2025-11,MASTERCARD,BANCO DAVIVIENDA S.A.,1514987,322317268936
2025-11,MASTERCARD,BANCO DE BOGOTA S. A.,448876,73767178644
2025-11,MASTERCARD,BANCO DE OCCIDENTE S.A.,435577,98534958574
2025-11,MASTERCARD,BANCO FALABELLA S.A.,4374343,888845715531
2025-11,MASTERCARD,BANCO GNB SUDAMERIS S.A.,15246,3063743370
2025-11,MASTERCARD,BANCO POPULAR S.A.,71831,12052653389
2025-11,MASTERCARD,BANCO SERFINANZA S.A.,429785,95192083124
2025-11,MASTERCARD,BANCO UNIÓN S.A.,2623,466787319
2025-11,MASTERCARD,BANCO W S.A.,15411,2357452499
2025-11,MASTERCARD,BANCOLOMBIA S.A.,5706043,1201002883529
2025-11,MASTERCARD,CONFIAR COOPERATIVA FINANCIERA,13225,2261163258
2025-11,MASTERCARD,ITAU CORPBANCA COLOMBIA S.A.,615355,122422036953
2025-11,MASTERCARD,LULO BANK,125410,16970310738
2025-11,MASTERCARD,NU O NU FINANCIERA,6138511,729811702673
2025-11,MASTERCARD,SCOTIABANK COLPATRIA S.A.,1084638,181777766234
2025-11,MASTERCARD,TUYA S.A C.F,1345882,322565428764
2025-11,VISA,BANCO AGRARIO DE COLOMBIA S.A.,62455,22098101117
2025-11,VISA,BANCO BILBAO VIZCAYA ARGENTARIA COLOMBIA S.A. BBVA COLOMBIA,2123040,380085937162
2025-11,VISA,BANCO CAJA SOCIAL S.A.,384613,69042501261
2025-11,VISA,BANCO COMERCIAL AV VILLAS S.A.,254310,49759207251
2025-11,VISA,BANCO COOMEVA S.A.,58001,9664856058
2025-11,VISA,BANCO COOPERATIVO COOPCENTRAL S.A.,5438,1964695881
2025-11,VISA,BANCO DAVIVIENDA S.A.,8177046,1328689852707
2025-11,VISA,BANCO DE BOGOTA S. A.,2968142,523269665804
2025-11,VISA,BANCO DE OCCIDENTE S.A.,887514,169581736574
2025-11,VISA,BANCO FINANDINA S.A.,91561,12172744566
2025-11,VISA,BANCO GNB SUDAMERIS S.A.,68619,22312759031
2025-11,VISA,BANCO POPULAR S.A.,176156,32377927250
2025-11,VISA,BANCO PROCREDIT COLOMBIA S.A.,11210,1971166892
2025-11,VISA,BANCOLOMBIA S.A.,4670241,968254501272
2025-11,VISA,CITIBANK - COLOMBIA S.A.,100371,32713684907
2025-11,VISA,COLTEFINANCIERA S.A C.F,1499,348146857
2025-11,VISA,FINANCIERA JURISCOOP C.F.,13993,2766690459
2025-11,VISA,ITAU CORPBANCA COLOMBIA S.A.,543175,112408749037
2025-11,VISA,JFK COOPERATIVA FINANCIERA,184,33573567
2025-11,VISA,SCOTIABANK COLPATRIA S.A.,4351828,736073831925
2025-12,MASTERCARD,BANCO BILBAO VIZCAYA ARGENTARIA COLOMBIA S.A. BBVA COLOMBIA,937012,202254709378
2025-12,MASTERCARD,BANCO CAJA SOCIAL S.A.,138102,26530933742
2025-12,MASTERCARD,BANCO COMERCIAL AV VILLAS S.A.,440098,112785839777
2025-12,MASTERCARD,BANCO COOMEVA S.A.,70581,11855718528
2025-12,MASTERCARD,BANCO DAVIVIENDA S.A.,1609496,364551653706
2025-12,MASTERCARD,BANCO DE BOGOTA S. A.,539441,102215600738
2025-12,MASTERCARD,BANCO DE OCCIDENTE S.A.,507270,137681110545
2025-12,MASTERCARD,BANCO FALABELLA S.A.,4505359,912796108968
2025-12,MASTERCARD,BANCO GNB SUDAMERIS S.A.,19222,3978126710
2025-12,MASTERCARD,BANCO POPULAR S.A.,79199,15284156956
2025-12,MASTERCARD,BANCO SERFINANZA S.A.,430900,90255995178
2025-12,MASTERCARD,BANCO UNIÓN S.A.,2800,546550612
2025-12,MASTERCARD,BANCO W S.A.,19682,3190224589
2025-12,MASTERCARD,BANCOLOMBIA S.A.,7035723,1590457165245
2025-12,MASTERCARD,CONFIAR COOPERATIVA FINANCIERA,12411,2348384586
2025-12,MASTERCARD,ITAU CORPBANCA COLOMBIA S.A.,652045,136066275311
2025-12,MASTERCARD,LULO BANK,142998,20198536715
2025-12,MASTERCARD,NU O NU FINANCIERA,6322916,787455816953
2025-12,MASTERCARD,SCOTIABANK COLPATRIA S.A.,1240296,225183671552
2025-12,MASTERCARD,TUYA S.A C.F,1668737,458600528149
2025-12,VISA,BANCO AGRARIO DE COLOMBIA S.A.,71656,27758756475
2025-12,VISA,BANCO BILBAO VIZCAYA ARGENTARIA COLOMBIA S.A. BBVA COLOMBIA,2495950,506263274823
2025-12,VISA,BANCO CAJA SOCIAL S.A.,405131,74981892459
2025-12,VISA,BANCO COMERCIAL AV VILLAS S.A.,326210,71907801758
2025-12,VISA,BANCO COOMEVA S.A.,55750,9968359403
2025-12,VISA,BANCO COOPERATIVO COOPCENTRAL S.A.,5816,2479132398
2025-12,VISA,BANCO DAVIVIENDA S.A.,8538596,1453018661328
2025-12,VISA,BANCO DE BOGOTA S. A.,3310724,639532315022
2025-12,VISA,BANCO DE OCCIDENTE S.A.,1061628,223997710919
2025-12,VISA,BANCO FINANDINA S.A.,92513,12405873368
2025-12,VISA,BANCO GNB SUDAMERIS S.A.,77299,22787191387
2025-12,VISA,BANCO POPULAR S.A.,212951,45094061258
2025-12,VISA,BANCO PROCREDIT COLOMBIA S.A.,11773,2248657396
2025-12,VISA,BANCOLOMBIA S.A.,5721099,1275453223893
2025-12,VISA,CITIBANK - COLOMBIA S.A.,68535,26849946918
2025-12,VISA,COLTEFINANCIERA S.A C.F,1709,444689228
2025-12,VISA,FINANCIERA JURISCOOP C.F.,11628,2443477244
2025-12,VISA,ITAU CORPBANCA COLOMBIA S.A.,594235,120741803930
2025-12,VISA,JFK COOPERATIVA FINANCIERA,396,93409367
2025-12,VISA,SCOTIABANK COLPATRIA S.A.,5164817,967916061908
2026-01,MASTERCARD,BANCO BILBAO VIZCAYA ARGENTARIA COLOMBIA S.A. BBVA COLOMBIA,787991,150772572718
2026-01,MASTERCARD,BANCO CAJA SOCIAL S.A.,112815,20244721672
2026-01,MASTERCARD,BANCO COMERCIAL AV VILLAS S.A.,341200,87941891997
2026-01,MASTERCARD,BANCO COOMEVA S.A.,75354,12811080996
2026-01,MASTERCARD,BANCO DAVIVIENDA S.A.,1436169,298224680080
2026-01,MASTERCARD,BANCO DE BOGOTA S. A.,464265,78482964819
2026-01,MASTERCARD,BANCO DE OCCIDENTE S.A.,417686,98046592500
2026-01,MASTERCARD,BANCO FALABELLA S.A.,3870457,699978106186
2026-01,MASTERCARD,BANCO GNB SUDAMERIS S.A.,15508,3164726702
2026-01,MASTERCARD,BANCO POPULAR S.A.,65783,11358516374
2026-01,MASTERCARD,BANCO SERFINANZA S.A.,402206,79122361967
2026-01,MASTERCARD,BANCO UNIÓN S.A.,2272,371993115
2026-01,MASTERCARD,BANCO W S.A.,13835,2028448052
2026-01,MASTERCARD,BANCOLOMBIA S.A.,5571859,1161585915343
2026-01,MASTERCARD,CONFIAR COOPERATIVA FINANCIERA,11346,1908499910
2026-01,MASTERCARD,ITAU CORPBANCA COLOMBIA S.A.,565385,117182476915
2026-01,MASTERCARD,LULO BANK,139769,17884173294
2026-01,MASTERCARD,NU O NU FINANCIERA,5865246,690637959568
2026-01,MASTERCARD,SCOTIABANK COLPATRIA S.A.,988433,203494776424
2026-01,MASTERCARD,TUYA S.A C.F,1251031,282523552977
2026-01,VISA,BANCO AGRARIO DE COLOMBIA S.A.,67383,31558987825
2026-01,VISA,BANCO BILBAO VIZCAYA ARGENTARIA COLOMBIA S.A. BBVA COLOMBIA,2104758,380222153402
2026-01,VISA,BANCO CAJA SOCIAL S.A.,349857,59912254092
2026-01,VISA,BANCO COMERCIAL AV VILLAS S.A.,263387,53973876300
2026-01,VISA,BANCO COOMEVA S.A.,50886,8262042552
2026-01,VISA,BANCO COOPERATIVO COOPCENTRAL S.A.,4734,1506580364
2026-01,VISA,BANCO DAVIVIENDA S.A.,7738741,1211853474428
2026-01,VISA,BANCO DE BOGOTA S. A.,2977922,524947642886
2026-01,VISA,BANCO DE OCCIDENTE S.A.,899420,171944514947
2026-01,VISA,BANCO FINANDINA S.A.,80774,10002915528
2026-01,VISA,BANCO GNB SUDAMERIS S.A.,63803,18059251594
2026-01,VISA,BANCO POPULAR S.A.,175239,32694699538
2026-01,VISA,BANCO PROCREDIT COLOMBIA S.A.,9307,1664490012
2026-01,VISA,BANCOLOMBIA S.A.,4510877,941832782685
2026-01,VISA,CITIBANK - COLOMBIA S.A.,50227,16333880804
2026-01,VISA,COLTEFINANCIERA S.A C.F,2192,529931518
2026-01,VISA,FINANCIERA JURISCOOP C.F.,9879,1986581090
2026-01,VISA,ITAU CORPBANCA COLOMBIA S.A.,514020,110667457633
2026-01,VISA,JFK COOPERATIVA FINANCIERA,644,128024402
2026-01,VISA,SCOTIABANK COLPATRIA S.A.,4335869,793657535867
2026-02,MASTERCARD,BANCO BILBAO VIZCAYA ARGENTARIA COLOMBIA S.A. BBVA COLOMBIA,829667,150215357043
2026-02,MASTERCARD,BANCO CAJA SOCIAL S.A.,117106,20322414714
2026-02,MASTERCARD,BANCO COMERCIAL AV VILLAS S.A.,337365,83572709634
2026-02,MASTERCARD,BANCO COOMEVA S.A.,70370,11621743731
2026-02,MASTERCARD,BANCO DAVIVIENDA S.A.,1434555,287067172010
2026-02,MASTERCARD,BANCO DE BOGOTA S. A.,440307,71076801898
2026-02,MASTERCARD,BANCO DE OCCIDENTE S.A.,402583,96605568054
2026-02,MASTERCARD,BANCO FALABELLA S.A.,3737241,666729197145
2026-02,MASTERCARD,BANCO POPULAR S.A.,61724,10365115400
2026-02,MASTERCARD,BANCO SERFINANZA S.A.,371614,74547623735
2026-02,MASTERCARD,BANCO UNIÓN S.A.,2073,335044981
2026-02,MASTERCARD,BANCO W S.A.,13615,1958796411
2026-02,MASTERCARD,BANCOLOMBIA S.A.,5635263,1151808067793
2026-02,MASTERCARD,CONFIAR COOPERATIVA FINANCIERA,11013,1798365567
2026-02,MASTERCARD,ITAU CORPBANCA COLOMBIA S.A.,540793,111467917180
2026-02,MASTERCARD,LULO BANK,144489,17445795248
2026-02,MASTERCARD,NU O NU FINANCIERA,5930270,671817170479
2026-02,MASTERCARD,SCOTIABANK COLPATRIA S.A.,933425,171870568401
2026-02,MASTERCARD,TUYA S.A C.F,1286831,346747299887
2026-02,VISA,BANCO AGRARIO DE COLOMBIA S.A.,68373,29682087795
2026-02,VISA,BANCO BILBAO VIZCAYA ARGENTARIA COLOMBIA S.A. BBVA COLOMBIA,2009239,355406036502
2026-02,VISA,BANCO CAJA SOCIAL S.A.,339223,57129941622
2026-02,VISA,BANCO COMERCIAL AV VILLAS S.A.,268000,54335603493
2026-02,VISA,BANCO COOMEVA S.A.,46620,7398838069
2026-02,VISA,BANCO COOPERATIVO COOPCENTRAL S.A.,5410,1811622049
2026-02,VISA,BANCO DAVIVIENDA S.A.,7605017,1157312979953
2026-02,VISA,BANCO DE BOGOTA S. A.,2854930,504663060000
2026-02,VISA,BANCO DE OCCIDENTE S.A.,865492,164212689036
2026-02,VISA,BANCO FINANDINA S.A.,79692,9869654133
2026-02,VISA,BANCO POPULAR S.A.,161805,29297441815
2026-02,VISA,BANCO PROCREDIT COLOMBIA S.A.,8939,1512696873
2026-02,VISA,BANCOLOMBIA S.A.,4565647,939443502662
2026-02,VISA,CITIBANK - COLOMBIA S.A.,108587,33710829400
2026-02,VISA,COLTEFINANCIERA S.A C.F,1402,284971114
2026-02,VISA,FINANCIERA JURISCOOP C.F.,10640,1929619367
2026-02,VISA,ITAU CORPBANCA COLOMBIA S.A.,488808,91165594528
2026-02,VISA,JFK COOPERATIVA FINANCIERA,627,128870070
2026-02,VISA,SCOTIABANK COLPATRIA S.A.,4161363,717618437835
2026-03,MASTERCARD,BANCO BILBAO VIZCAYA ARGENTARIA COLOMBIA S.A. BBVA COLOMBIA,906663,169617528463
2026-03,MASTERCARD,BANCO CAJA SOCIAL S.A.,130044,22493249746
2026-03,MASTERCARD,BANCO COMERCIAL AV VILLAS S.A.,401118,95379903267
2026-03,MASTERCARD,BANCO COOMEVA S.A.,74745,11844422018
2026-03,MASTERCARD,BANCO DAVIVIENDA S.A.,1548337,307780298557
2026-03,MASTERCARD,BANCO DE BOGOTA S. A.,514297,82824039348
2026-03,MASTERCARD,BANCO DE OCCIDENTE S.A.,475218,109473372938
2026-03,MASTERCARD,BANCO FALABELLA S.A.,4267367,789380101879
2026-03,MASTERCARD,BANCO GNB SUDAMERIS S.A.,17363,3558823638
2026-03,MASTERCARD,BANCO POPULAR S.A.,73399,11959758172
2026-03,MASTERCARD,BANCO SERFINANZA S.A.,432021,87304873305
2026-03,MASTERCARD,BANCO UNIÓN S.A.,2332,397120635
2026-03,MASTERCARD,BANCO W S.A.,14573,2130278278
2026-03,MASTERCARD,BANCOLOMBIA S.A.,6660106,1392351546711
2026-03,MASTERCARD,CONFIAR COOPERATIVA FINANCIERA,12743,2027629040
2026-03,MASTERCARD,ITAU CORPBANCA COLOMBIA S.A.,607944,122431531820
2026-03,MASTERCARD,LULO BANK,173652,20524725255
2026-03,MASTERCARD,NU O NU FINANCIERA,7037819,797292350390
2026-03,MASTERCARD,SCOTIABANK COLPATRIA S.A.,1080005,185939030385
2026-03,MASTERCARD,TUYA S.A C.F,1465283,358341939179
2026-03,VISA,BANCO AGRARIO DE COLOMBIA S.A.,74804,31491525051
2026-03,VISA,BANCO BILBAO VIZCAYA ARGENTARIA COLOMBIA S.A. BBVA COLOMBIA,2403555,424432734374
2026-03,VISA,BANCO CAJA SOCIAL S.A.,392362,64238943063
2026-03,VISA,BANCO COMERCIAL AV VILLAS S.A.,328499,65916034484
2026-03,VISA,BANCO COOMEVA S.A.,53875,8757735620
2026-03,VISA,BANCO COOPERATIVO COOPCENTRAL S.A.,5253,1775697278
2026-03,VISA,BANCO DAVIVIENDA S.A.,8782300,1337713481557
2026-03,VISA,BANCO DE BOGOTA S. A.,3589362,614441715237
2026-03,VISA,BANCO DE OCCIDENTE S.A.,1064044,196812389914
2026-03,VISA,BANCO FINANDINA S.A.,90762,10905411414
2026-03,VISA,BANCO GNB SUDAMERIS S.A.,77634,22959801665
2026-03,VISA,BANCO POPULAR S.A.,194196,35229914644
2026-03,VISA,BANCO PROCREDIT COLOMBIA S.A.,10348,1687054056
2026-03,VISA,BANCOLOMBIA S.A.,5398483,1136422576100
2026-03,VISA,CITIBANK - COLOMBIA S.A.,94599,30700817139
2026-03,VISA,COLTEFINANCIERA S.A C.F,1781,338729639
2026-03,VISA,FINANCIERA JURISCOOP C.F.,12536,2350621930
2026-03,VISA,ITAU CORPBANCA COLOMBIA S.A.,551461,101685164127
2026-03,VISA,JFK COOPERATIVA FINANCIERA,1005,180273153
2026-03,VISA,SCOTIABANK COLPATRIA S.A.,4906400,836421084375
2026-04,MASTERCARD,BANCO BILBAO VIZCAYA ARGENTARIA COLOMBIA S.A. BBVA COLOMBIA,834579,157729291196
2026-04,MASTERCARD,BANCO CAJA SOCIAL S.A.,129950,21775070692
2026-04,MASTERCARD,BANCO COMERCIAL AV VILLAS S.A.,371676,88399807027
2026-04,MASTERCARD,BANCO COOMEVA S.A.,60398,10042662637
2026-04,MASTERCARD,BANCO DAVIVIENDA S.A.,1564401,307826069304
2026-04,MASTERCARD,BANCO DE BOGOTA S. A.,476366,86354420211
2026-04,MASTERCARD,BANCO DE OCCIDENTE S.A.,435048,114711307125
2026-04,MASTERCARD,BANCO FALABELLA S.A.,4087423,749003369094
2026-04,MASTERCARD,BANCO GNB SUDAMERIS S.A.,16006,3278837967
2026-04,MASTERCARD,BANCO POPULAR S.A.,68722,11044165179
2026-04,MASTERCARD,BANCO SERFINANZA S.A.,440089,85749975676
2026-04,MASTERCARD,BANCO UNIÓN S.A.,2216,376970488
2026-04,MASTERCARD,BANCO W S.A.,13590,1907127930
2026-04,MASTERCARD,BANCOLOMBIA S.A.,6201638,1298525631186
2026-04,MASTERCARD,CONFIAR COOPERATIVA FINANCIERA,12225,1985523987
2026-04,MASTERCARD,ITAU CORPBANCA COLOMBIA S.A.,565385,118116868112
2026-04,MASTERCARD,LULO BANK,166245,19514428184
2026-04,MASTERCARD,NU O NU FINANCIERA,7367854,820185721646
2026-04,MASTERCARD,SCOTIABANK COLPATRIA S.A.,1006234,172564014245
2026-04,MASTERCARD,TUYA S.A C.F,1401296,335932549638
2026-04,VISA,BANCO AGRARIO DE COLOMBIA S.A.,66170,25665858793
2026-04,VISA,BANCO BILBAO VIZCAYA ARGENTARIA COLOMBIA S.A. BBVA COLOMBIA,2189092,387893304193
2026-04,VISA,BANCO CAJA SOCIAL S.A.,378116,61517257912
2026-04,VISA,BANCO COMERCIAL AV VILLAS S.A.,308794,61288049589
2026-04,VISA,BANCO COOMEVA S.A.,51095,8214898652
2026-04,VISA,BANCO COOPERATIVO COOPCENTRAL S.A.,4936,1659636265
2026-04,VISA,BANCO DAVIVIENDA S.A.,8488582,1278415070767
2026-04,VISA,BANCO DE BOGOTA S. A.,3229288,654583011891
2026-04,VISA,BANCO DE OCCIDENTE S.A.,983917,178534775799
2026-04,VISA,BANCO FINANDINA S.A.,87329,10411678231
2026-04,VISA,BANCO GNB SUDAMERIS S.A.,69446,20467370777
2026-04,VISA,BANCO POPULAR S.A.,182867,32229859128
2026-04,VISA,BANCO PROCREDIT COLOMBIA S.A.,9684,1667274026
2026-04,VISA,BANCOLOMBIA S.A.,4981155,1045461877755
2026-04,VISA,CITIBANK - COLOMBIA S.A.,90458,31975768951
2026-04,VISA,COLTEFINANCIERA S.A C.F,1458,310909562
2026-04,VISA,FINANCIERA JURISCOOP C.F.,12064,2194520132
2026-04,VISA,ITAU CORPBANCA COLOMBIA S.A.,510254,95513936932
2026-04,VISA,JFK COOPERATIVA FINANCIERA,2891,529935361
2026-04,VISA,SCOTIABANK COLPATRIA S.A.,4557482,767344691994
2026-05,MASTERCARD,BANCO BILBAO VIZCAYA ARGENTARIA COLOMBIA S.A. BBVA COLOMBIA,853954,161398192347
2026-05,MASTERCARD,BANCO CAJA SOCIAL S.A.,135513,23710422633
2026-05,MASTERCARD,BANCO COMERCIAL AV VILLAS S.A.,376146,86293667145
2026-05,MASTERCARD,BANCO COOMEVA S.A.,61045,9174816075
2026-05,MASTERCARD,BANCO DAVIVIENDA S.A.,1693840,335542772021
2026-05,MASTERCARD,BANCO DE BOGOTA S. A.,475284,85819064703
2026-05,MASTERCARD,BANCO DE OCCIDENTE S.A.,437286,104175860784
2026-05,MASTERCARD,BANCO FALABELLA S.A.,4452412,812140466923
2026-05,MASTERCARD,BANCO GNB SUDAMERIS S.A.,16104,3435540396
2026-05,MASTERCARD,BANCO POPULAR S.A.,69711,11442428330
2026-05,MASTERCARD,BANCO SERFINANZA S.A.,468697,95939603095
2026-05,MASTERCARD,BANCO UNIÓN S.A.,2133,357512567
2026-05,MASTERCARD,BANCO W S.A.,12710,1793461904
2026-05,MASTERCARD,BANCOLOMBIA S.A.,6258621,1299851238337
2026-05,MASTERCARD,CONFIAR COOPERATIVA FINANCIERA,12553,1999873811
2026-05,MASTERCARD,ITAU CORPBANCA COLOMBIA S.A.,615961,127206553563
2026-05,MASTERCARD,LULO BANK,188492,22427857560
2026-05,MASTERCARD,NU O NU FINANCIERA,8505953,939679238127
2026-05,MASTERCARD,SCOTIABANK COLPATRIA S.A.,997334,169555627626
2026-05,MASTERCARD,TUYA S.A C.F,1399539,346605259036
2026-05,VISA,BANCO AGRARIO DE COLOMBIA S.A.,62459,22340510133
2026-05,VISA,BANCO BILBAO VIZCAYA ARGENTARIA COLOMBIA S.A. BBVA COLOMBIA,2201532,396522990381
2026-05,VISA,BANCO CAJA SOCIAL S.A.,409086,68034234766
2026-05,VISA,BANCO COMERCIAL AV VILLAS S.A.,314777,61038248250
2026-05,VISA,BANCO COOMEVA S.A.,52243,8581042599
2026-05,VISA,BANCO COOPERATIVO COOPCENTRAL S.A.,5071,1593166469
2026-05,VISA,BANCO DAVIVIENDA S.A.,9323929,1391440801188
2026-05,VISA,BANCO DE BOGOTA S. A.,3284136,668599197916
2026-05,VISA,BANCO DE OCCIDENTE S.A.,1006979,187780551876
2026-05,VISA,BANCO FINANDINA S.A.,82808,9910563848
2026-05,VISA,BANCO GNB SUDAMERIS S.A.,67689,20028864292
2026-05,VISA,BANCO POPULAR S.A.,185543,33042570514
2026-05,VISA,BANCO PROCREDIT COLOMBIA S.A.,9621,1645806565
2026-05,VISA,BANCOLOMBIA S.A.,5019722,1044513836095
2026-05,VISA,CITIBANK - COLOMBIA S.A.,100265,34568992303
2026-05,VISA,COLTEFINANCIERA S.A C.F,1875,429229541
2026-05,VISA,FINANCIERA JURISCOOP C.F.,13427,2639130352
2026-05,VISA,ITAU CORPBANCA COLOMBIA S.A.,546435,100579524665
2026-05,VISA,JFK COOPERATIVA FINANCIERA,5054,950284577
2026-05,VISA,SCOTIABANK COLPATRIA S.A.,4572906,765696718280
2026-06,MASTERCARD,BANCO BILBAO VIZCAYA ARGENTARIA COLOMBIA S.A. BBVA COLOMBIA,926606,182817226831
2026-06,MASTERCARD,BANCO CAJA SOCIAL S.A.,128624,21827379823
2026-06,MASTERCARD,BANCO COMERCIAL AV VILLAS S.A.,396633,91327672626
2026-06,MASTERCARD,BANCO COOMEVA S.A.,56764,8700404538
2026-06,MASTERCARD,BANCO DAVIVIENDA S.A.,1631683,323445129102
2026-06,MASTERCARD,BANCO DE BOGOTA S. A.,510410,96584168021
2026-06,MASTERCARD,BANCO DE OCCIDENTE S.A.,463164,125735896662
2026-06,MASTERCARD,BANCO FALABELLA S.A.,4205592,785488158214
2026-06,MASTERCARD,BANCO GNB SUDAMERIS S.A.,17093,3496118231
2026-06,MASTERCARD,BANCO POPULAR S.A.,74206,12777682784
2026-06,MASTERCARD,BANCO SERFINANZA S.A.,439728,89140667616
2026-06,MASTERCARD,BANCO UNIÓN S.A.,1955,344683471
2026-06,MASTERCARD,BANCO W S.A.,13417,1881195836
2026-06,MASTERCARD,BANCOLOMBIA S.A.,6759394,1410694954476
2026-06,MASTERCARD,CONFIAR COOPERATIVA FINANCIERA,11729,1866455290
2026-06,MASTERCARD,ITAU CORPBANCA COLOMBIA S.A.,576961,111457610395
2026-06,MASTERCARD,LULO BANK,192315,23842811905
2026-06,MASTERCARD,NU O NU FINANCIERA,8416120,947256890670
2026-06,MASTERCARD,SCOTIABANK COLPATRIA S.A.,1043058,181834335067
2026-06,MASTERCARD,TUYA S.A C.F,1535217,408926660520
2026-06,VISA,BANCO AGRARIO DE COLOMBIA S.A.,62841,23876067432
2026-06,VISA,BANCO BILBAO VIZCAYA ARGENTARIA COLOMBIA S.A. BBVA COLOMBIA,2365042,436369904202
2026-06,VISA,BANCO CAJA SOCIAL S.A.,386336,63275651417
2026-06,VISA,BANCO COMERCIAL AV VILLAS S.A.,343188,66731042629
2026-06,VISA,BANCO COOMEVA S.A.,48809,7959064912
2026-06,VISA,BANCO COOPERATIVO COOPCENTRAL S.A.,4720,1430503839
2026-06,VISA,BANCO DAVIVIENDA S.A.,8787046,1327254957741
2026-06,VISA,BANCO DE BOGOTA S. A.,3539245,711497423975
2026-06,VISA,BANCO DE OCCIDENTE S.A.,1086385,207093169665
2026-06,VISA,BANCO FINANDINA S.A.,83997,10158338964
2026-06,VISA,BANCO GNB SUDAMERIS S.A.,72427,20381314755
2026-06,VISA,BANCO POPULAR S.A.,200922,36901883372
2026-06,VISA,BANCO PROCREDIT COLOMBIA S.A.,8890,1490643333
2026-06,VISA,BANCOLOMBIA S.A.,5401437,1114865915490
2026-06,VISA,CITIBANK - COLOMBIA S.A.,93754,30375710442
2026-06,VISA,COLTEFINANCIERA S.A C.F,1291,251537462
2026-06,VISA,FINANCIERA JURISCOOP C.F.,12362,2382845431
2026-06,VISA,ITAU CORPBANCA COLOMBIA S.A.,507845,95625901441
2026-06,VISA,JFK COOPERATIVA FINANCIERA,5945,1027577773
2026-06,VISA,SCOTIABANK COLPATRIA S.A.,4955945,848603536864
2026-07,MASTERCARD,BANCO BILBAO VIZCAYA ARGENTARIA COLOMBIA S.A. BBVA COLOMBIA,891132,178262212079
2026-07,MASTERCARD,BANCO CAJA SOCIAL S.A.,131784,22023513466
2026-07,MASTERCARD,BANCO COMERCIAL AV VILLAS S.A.,379116,87100554599
2026-07,MASTERCARD,BANCO COOMEVA S.A.,59148,8875567277
2026-07,MASTERCARD,BANCO DAVIVIENDA S.A.,1699194,341715587279
2026-07,MASTERCARD,BANCO DE BOGOTA S. A.,494426,93624983879
2026-07,MASTERCARD,BANCO DE OCCIDENTE S.A.,442278,102892558182
2026-07,MASTERCARD,BANCO FALABELLA S.A.,4251615,789962530963
2026-07,MASTERCARD,BANCO GNB SUDAMERIS S.A.,16851,3243776609
2026-07,MASTERCARD,BANCO POPULAR S.A.,70002,11840580507
2026-07,MASTERCARD,BANCO SERFINANZA S.A.,429006,88679891314
2026-07,MASTERCARD,BANCO UNIÓN S.A.,1923,338222500
2026-07,MASTERCARD,BANCO W S.A.,12370,1722315095
2026-07,MASTERCARD,BANCOLOMBIA S.A.,6588791,1358563354728
2026-07,MASTERCARD,CONFIAR COOPERATIVA FINANCIERA,11861,1997505001
2026-07,MASTERCARD,ITAU CORPBANCA COLOMBIA S.A.,578577,115594035813
2026-07,MASTERCARD,LULO BANK,200644,24341644851
2026-07,MASTERCARD,NU O NU FINANCIERA,9248362,1028986331388
2026-07,MASTERCARD,SCOTIABANK COLPATRIA S.A.,1009697,186039935470
2026-07,MASTERCARD,TUYA S.A C.F,1471206,390177786712
2026-07,VISA,BANCO AGRARIO DE COLOMBIA S.A.,72607,31998411634
2026-07,VISA,BANCO BILBAO VIZCAYA ARGENTARIA COLOMBIA S.A. BBVA COLOMBIA,2259931,420190437448
2026-07,VISA,BANCO CAJA SOCIAL S.A.,397229,65970875646
2026-07,VISA,BANCO COMERCIAL AV VILLAS S.A.,333709,64271428163
2026-07,VISA,BANCO COOMEVA S.A.,50461,8453981211
2026-07,VISA,BANCO COOPERATIVO COOPCENTRAL S.A.,5156,1673421034
2026-07,VISA,BANCO DAVIVIENDA S.A.,9210942,1402482441686
2026-07,VISA,BANCO DE BOGOTA S. A.,3505367,732784222369
2026-07,VISA,BANCO DE OCCIDENTE S.A.,1050444,198907888526
2026-07,VISA,BANCO FINANDINA S.A.,92444,11326035003
2026-07,VISA,BANCO GNB SUDAMERIS S.A.,70300,21156928095
2026-07,VISA,BANCO POPULAR S.A.,188836,35047101116
2026-07,VISA,BANCO PROCREDIT COLOMBIA S.A.,8980,1632681045
2026-07,VISA,BANCOLOMBIA S.A.,5216267,1093501015764
2026-07,VISA,CITIBANK - COLOMBIA S.A.,79161,24317526919
2026-07,VISA,COLTEFINANCIERA S.A C.F,2076,515350165
2026-07,VISA,FINANCIERA JURISCOOP C.F.,12034,2432903093
2026-07,VISA,ITAU CORPBANCA COLOMBIA S.A.,507122,95765971925
2026-07,VISA,JFK COOPERATIVA FINANCIERA,7471,1354886267
2026-07,VISA,SCOTIABANK COLPATRIA S.A.,4801444,825755134465
