mes,credito_compras_num,credito_compras_cop,debito_compras_num,debito_compras_cop,debito_retiros_num,debito_retiros_cop,entidades
2015-01,12360953,2489288733922,18548090,2280316542348,44754636,13101903773188,31
2015-02,11920295,2447950858825,16893774,2097183350232,44268372,12993571540991,30
2015-03,13812140,2928468905963,18935958,2296234648870,49871254,14783370302956,30
2015-04,12774965,2617587368079,17472965,2097366489110,44870753,13471394489996,30
2015-05,13469649,2762824151308,19073720,2291894410373,47059591,14406414628499,30
2015-06,14069800,3009543224766,20200044,2492023407537,49701798,15664514484305,30
2015-07,13641293,2938535259047,20692488,2610645381730,51208370,15737053414336,30
2015-08,14012150,2915096190534,20183026,2507705199140,47865524,14524154056377,30
2015-09,14099957,2965183303120,19020923,2382778373703,46019989,13913284054712,30
2015-10,14047312,2879322894987,20141766,2510586584897,48251807,14740734599312,29
2015-11,15285468,3274805149640,20366372,2617672714932,45686593,14140519374238,29
2015-12,17099376,3824719026731,29424588,4043108002409,61944234,20619515218342,29
2016-01,13390564,2820796155508,21322710,2734076090047,44679190,13720813863984,29
2016-02,14047394,3015177461343,19782103,2599975159779,46273223,14221717033454,30
2016-03,14564959,3089283366377,20719165,2569436905489,48907881,15246776929480,30
2016-04,13978637,3020768289152,20390585,2583471142170,47929329,15008175068015,30
2016-05,15784333,3307293660515,21912729,2747747089926,49652660,15406880089385,29
2016-06,15377105,3417003072131,22019718,2850961461355,50535612,16158655796850,29
2016-07,14573606,3119513116649,23977612,3041046842262,52547146,16768997042015,30
2016-08,15876683,3377277581608,22248150,2843894516086,50985108,15934126732072,30
2016-09,15476922,3211038425435,21754890,2732050401347,48727171,15180300670289,30
2016-10,16038536,3297561167079,23233720,2863410225821,51477404,16176343835785,30
2016-11,17018959,3738083269145,22534179,2941330502319,49398735,15807138591290,30
2016-12,18281703,4116834057172,33450480,4596694988075,65195218,22388406496265,30
2017-01,15381584,3285525067160,23877860,3063144134476,50391661,16066270983567,30
2017-02,14251638,3015828092558,21176366,2768272361204,46984047,16145715980770,30
2017-03,16402561,3609410804142,23565448,2971262238055,52327330,16649907395725,30
2017-04,15167914,3078373572949,23165141,2855576669556,49235153,15823742505382,30
2017-05,17378218,3575102328842,24103608,3032880366968,51997329,16721561745468,30
2017-06,16326490,3544845793774,24974781,3186580860876,53007189,17611641400243,30
2017-07,16694040,3582092915020,27052944,3415309413010,54115078,18006274547954,31
2017-08,16538982,3510050892999,24746183,3060317042030,51173732,16666832674657,31
2017-09,16056448,3376478199242,24816190,3017867651396,50555081,16448966463417,31
2017-10,17242172,3565982651489,26084834,3078591732861,51989842,16905686529547,31
2017-11,18082424,4031611994584,25460170,3233515814261,50659917,16810565966731,31
2017-12,18797096,4203372562804,37565091,5011895097845,64271950,23072088849035,31
2018-01,17135400,3699402332302,27258885,3466360500234,49933268,16563622554651,31
2018-02,15463547,3329233234922,24020379,3072225985512,48031949,16045098292625,31
2018-03,16525078,3588370594310,27713750,3359293809762,53322755,18056680955926,31
2018-04,17877796,3822101947834,26696564,3286387885082,51984348,17427456036125,31
2018-05,18354143,3917721251549,27702851,3369834957764,53404373,17872682398086,31
2018-06,17375785,3807109269085,29669162,3654548686623,55092003,18973481242397,31
2018-07,18396648,3947270816881,30600533,3773450296755,55398917,19077818920433,30
2018-08,18687104,3877620491875,28963012,3527637634555,51947048,17416841312472,30
2018-09,18250183,3667742703951,28591312,3441156219638,51664800,17194274903026,30
2018-10,20801403,4145222979736,29997389,3563321699251,53653877,17997229741357,30
2018-11,21142023,4502386525966,29975798,3756775845272,52062510,17815481777890,30
2018-12,22305033,4690158737472,43478002,5711522139391,66259902,24215670404748,30
2019-01,19773316,3914268112405,31646101,3928035076244,50616684,17007234906190,30
2019-02,18870651,3733505700344,28762497,3583064021940,48608670,17284908558645,30
2019-03,20752831,4117023258710,33395484,3947869407420,54381919,18346246183427,30
2019-04,21312937,4127626158999,32055656,3729711734428,51715395,18307484668062,29
2019-05,21459873,4411905044048,34389527,4017869150614,54381128,18570604762749,29
2019-06,20964644,4294556466637,37033649,4309278901068,55011090,19254355373054,29
2019-07,23778342,4737344079552,38917653,4583853433691,57936839,20288538440331,29
2019-08,22062156,4418960349945,37340520,4282826971279,54759738,18947749319808,28
2019-09,23027198,4555435944311,36943182,4214434880339,53293470,18191679016934,28
2019-10,23618065,4664447831725,38036136,4237147374187,55037118,18979794650183,28
2019-11,23789632,4674465955591,37199195,4364865611101,53007264,18694874562905,28
2019-12,27386738,5906522754103,54012087,6810646554982,69084278,25975799791246,28
2020-01,22781947,4558114353978,40426086,4713971425810,52646751,18091965031594,28
2020-02,22808529,4384664423607,39177719,4500892058157,52558341,18278062322780,28
2020-03,22099422,4064139296765,34595076,3933097002201,46451738,16785337222608,28
2020-04,13200626,1935226792564,21420869,2423938995426,30143425,11496419919017,27
2020-05,14766036,2407495865987,26626594,3125778164222,35737884,14297455791019,27
2020-06,17063145,3204477380631,31824749,4010819953365,40059418,16373154095659,28
2020-07,17019914,3351692836229,33387120,4285481063510,42346515,17848592719458,28
2020-08,17075335,3114771002193,32511459,4001488837907,40091702,16384552294214,28
2020-09,18956555,3665703647155,37910401,4687228533254,41937848,17076404700352,28
2020-10,19198065,3835614771326,41205058,4955087432918,45759514,18606719602875,28
2020-11,21596778,4818758376322,43815964,5539491640131,46328474,19148806995904,28
2020-12,22092753,4703878924210,56405776,7296333358163,56572075,24418637875155,28
2021-01,17095289,3373644517058,39753340,4826052822035,41088785,16529338596810,27
2021-02,18727213,3835980970968,41065917,5143556049382,42354699,17251985924944,27
2021-03,22998464,4588092700797,47658202,5752032261492,46689634,19562053243847,27
2021-04,19219011,3557992305796,39875528,4693448908876,39220793,16697513288042,27
2021-05,21196861,3995420249343,46550755,5342072971752,40426500,17646662334513,27
2021-06,22597464,4566646903560,51010270,6027107718179,42141280,18895335137249,27
2021-07,23377040,4899719568471,56278734,6600980345907,44866844,20436804082478,28
2021-08,25158611,4929968360836,54810647,6400319290283,42115464,19187560649032,28
2021-09,24591102,4903428633908,57034106,6531834869782,41765528,18999278643905,29
2021-10,25260348,5136315887037,61889603,7007035806826,42172538,19669692630355,29
2021-11,28207629,5819975794614,62280829,7326027865506,42462064,20456049404637,29
2021-12,29000187,6337341023309,82318992,10286918726448,52571932,27015218990325,29
2022-01,25882972,5250833850936,64300403,7448244475310,41089440,19114247361642,30
2022-02,24720126,5086228240521,59615272,6959628939737,39198834,18960337665714,30
2022-03,28626359,6149592897741,67930827,8093628440626,43708646,21397632944027,30
2022-04,26702539,5397859791586,67105437,7626124370735,41759056,20272473690244,30
2022-05,30218137,6118645361181,72118594,8125822317560,44023533,21427015734009,30
2022-06,29234339,6460769197104,72244637,8416300565108,43453265,21944646539728,30
2022-07,27501584,5681471604706,77050376,8825328846636,45419411,23024308843773,30
2022-08,31546241,6475292247090,74476742,8373082073078,43118434,21639197708882,30
2022-09,30422879,6127101852869,73417428,8259298414047,41692316,20955761163899,30
2022-10,32011225,6262905143495,78072524,8628156475851,43250655,21741872042922,30
2022-11,32607184,6703841731177,73933346,7993319577847,42501397,22425386819871,31
2022-12,33915771,7431993586826,98212466,11622445142306,54528313,30592168821049,32
2023-01,31430501,6320864089943,77708298,8263955562127,42398782,21421622065718,33
2023-02,29373085,5934924807260,71587674,7323672831104,40611595,20819088413972,33
2023-03,32543890,6547947173570,80818761,8126430298629,44922485,23493111864286,33
2023-04,30222264,5930421514014,79460095,7782723316958,41889897,21367142594878,33
2023-05,35210113,6977999978767,83420353,8222436045137,43656852,22792339085311,33
2023-06,33433175,6723574908605,85846250,8642401431822,45053994,24356663723996,33
2023-07,33880812,6704044383007,92173515,9294163469921,46533879,24846571874856,33
2023-08,35395696,6849716197157,86090232,8452381692746,42555760,22526366859468,33
2023-09,35033349,6691457588061,86952082,8348094135369,41640438,22089007445935,33
2023-10,37286250,7056752634369,88711983,8519779798466,41432274,22344545142428,33
2023-11,37709988,7654694168004,86946797,8884729494179,40702657,22521312270275,33
2023-12,37631501,7767044455148,112659731,12512159466583,50195581,30412616196270,33
2024-01,35895954,6898011146412,90839125,8891653391182,39695158,21442357299779,33
2024-02,33951845,6418741403217,85720946,8040207331725,38845738,21315933962777,34
2024-03,34023483,6402159507073,96002514,8948696338109,40804806,22454761797926,34
2024-04,38202676,7119261185276,91984169,8466469070617,39278046,22066790957974,34
2024-05,37587323,6959638510083,97021272,8880611043802,40336279,22715712203392,33
2024-06,34583445,6529385915852,99721310,9447877299145,40786421,23531689062557,33
2024-07,38184707,7223782468276,102110400,9753500159386,40573651,24161175078321,33
2024-08,36802060,6779662041125,100845881,9396413535604,38114770,22756872569260,32
2024-09,37820810,6966188303181,99503677,9127638986906,35817470,21408838880695,31
2024-10,38823423,7194996425506,103182844,9522566315547,37360191,22800875247815,31
2024-11,42557457,7917783894611,104424893,10141169468289,36342196,23242477406138,31
2024-12,46170786,9334619095124,132485854,14424922455174,45546402,31599434163842,31
2025-01,40607121,7529822349452,106769647,10215526689604,34767869,21413718715177,31
2025-02,39479888,7207910148539,100225776,9198787917042,33018502,20753907336300,30
2025-03,45294643,8293254161152,114069011,10450939229547,36506145,23029180590841,30
2025-04,43725355,7894952538275,108048150,9787563607695,34075839,21642515231557,30
2025-05,46468938,8453628982233,116850654,10623304699151,36026167,23178837274133,30
2025-06,43991654,8052368262118,117863282,10948663596750,36151111,23916976546210,30
2025-07,50241303,9320794436880,123465595,11428921117764,37894379,23590745895534,30
2025-08,46969175,8263317518894,122761839,11031853945200,34654652,21150270619798,30
2025-09,50876082,8909787649753,119277731,10509206721341,33190129,20252135937982,30
2025-10,51032332,8913797842271,124934099,11119584156625,35458097,21864997828960,30
2025-11,50505955,9261312593698,126541250,11893350822873,33964219,21591664408916,30
2025-12,56842849,11253202962400,154451128,16196600354363,42592468,27856401300906,31
2026-01,48372546,8794665390189,126948807,11729332388851,31646281,19551912243450,31
2026-02,47623506,8505056545262,119543238,10569560752414,30809880,19512609063440,30
2026-03,55982898,9981786152493,135458760,12071204578081,33442326,21658264451850,31
2026-04,53294545,9508083085315,130059964,11306761660109,30682233,21670100360585,31
2026-05,56205999,9901448606874,140065036,12189445072162,32436759,23097905776708,31
2026-06,57368905,10295824430237,137464700,12280108853825,31912074,23290319043478,31
2026-07,57804629,10318961376032,143545920,12653998055527,33284019,24777628415063,31
