mes,tipo,entidad,credito_vigentes,debito_vigentes,credito_compras_num,credito_compras_cop,debito_compras_num,debito_compras_cop
2026-07,banco,BANCOLOMBIA S.A.,2758073,21450693,13283960,2744034266418,81709460,7068464949261
2026-07,banco,BANCO DAVIVIENDA S.A.,1770801,7865294,11107193,1820917294332,20305860,1740659075467
2026-07,compañía de financiamiento,NU O NU FINANCIERA,2087560,3426336,9248362,1028986331388,6663391,405684557691
2026-07,banco,BANCO BILBAO VIZCAYA ARGENTARIA COLOMBIA S.A. BBVA COLOMBIA,1194181,4250363,3171246,603205561268,10658258,1000128876078
2026-07,banco,BANCO AGRARIO DE COLOMBIA S.A.,331060,4613715,72607,31998411634,361019,58391901082
2026-07,banco,BANCO DE BOGOTA S. A.,1129444,2602040,3999793,826409206248,6480036,617228467967
2026-07,banco,BANCO COMERCIAL AV VILLAS S.A.,423844,3068951,712825,151371982762,2375811,196583753108
2026-07,banco,BANCO CAJA SOCIAL S.A.,241856,2740101,529013,87994389112,4606730,482645113531
2026-07,banco,BANCO FALABELLA S.A.,1892399,555062,4254204,790098731930,1898949,268332681615
2026-07,banco,SCOTIABANK COLPATRIA S.A.,1565198,645116,6049154,1079235252170,2708517,228859134048
2026-07,banco,BANCO POPULAR S.A.,165061,1139817,258838,46887681623,1549024,189630524872
2026-07,compañía de financiamiento,TUYA S.A C.F,1154735,0,1471206,390177786712,0,0
2026-07,banco,BANCO COOMEVA S.A.,45126,789381,109609,17329548488,672486,58033919179
2026-07,banco,BANCO SERFINANZA S.A.,718263,16285,435459,90168189757,18059,1668596280
2026-07,banco,BANCO COOPERATIVO COOPCENTRAL S.A.,1720,660764,5156,1673421034,234304,30941686775
2026-07,banco,BANCO DE OCCIDENTE S.A.,440958,189563,1492722,301800446708,532677,62222754361
2026-07,compañía de financiamiento,RAPPIPAY,0,592980,0,0,233065,14492548412
2026-07,banco,ITAU CORPBANCA COLOMBIA S.A.,176401,154272,1085699,211360007738,977089,84877979641
2026-07,banco,LULO BANK,30656,281447,200644,24341644851,656547,39287172154
2026-07,compañía de financiamiento,BANCAR TECNOLOGÍA CO S.A. COMPAÑÍA DE FINANCIAMIENTO,0,310648,0,0,387,108167150
2026-07,banco,BANCO FINANDINA S.A.,65169,71315,92444,11326035003,13719,6095347647
2026-07,banco,BANCO GNB SUDAMERIS S.A.,13452,115473,87151,24400704704,359564,37322125106
2026-07,cooperativa financiera,JFK COOPERATIVA FINANCIERA,14737,110882,7471,1354886267,19914,4725556108
2026-07,compañía de financiamiento,"BOLD C.F."", ""BOLD CF S.A."", O ""BOLD. CF",0,107879,0,0,289853,34984456224
2026-07,banco,BANCO UNIÓN S.A.,3035,101810,1923,338222500,75137,6830431365
2026-07,cooperativa financiera,CONFIAR COOPERATIVA FINANCIERA,16874,82785,11861,1997505001,38664,4388041340
2026-07,banco,BANCO PROCREDIT COLOMBIA S.A.,13123,74121,8980,1632681045,0,0
2026-07,banco,BANCO MUNDO MUJER S.A.,0,25435,0,0,38487,3141861276
2026-07,compañía de financiamiento,FINANCIERA JURISCOOP C.F.,7360,15853,12034,2432903093,34764,4968514727
2026-07,cooperativa financiera,COOPERATIVA FINANCIERA DE ANTIOQUIA CFA,0,22424,0,0,6571,957868987
2026-07,banco,CITIBANK - COLOMBIA S.A.,21646,0,79161,24317526919,0,0
2026-07,banco,BANCO W S.A.,16527,0,12370,1722315095,0,0
2026-07,compañía de financiamiento,COLTEFINANCIERA S.A C.F,9261,2419,3544,1448442233,7420,630048594
2026-07,cooperativa financiera,COTRAFA FINANCIERA,0,10802,0,0,7509,749187809
2026-07,banco,BANCO DE LAS MICROFINANZAS BANCAMIA S.A.,0,2457,0,0,12649,962757672
